Time,Altitude
0.0,0.583318088412967
0.01,0.5583592376755565
0.02,0.5330929068889884
0.03,0.5075900529876833
0.04,0.481901359496228
0.05,0.4559729348778786
0.06,0.4297829375600788
0.07,0.40337752743096683
0.08,0.3773090264581102
0.09,0.355479187271228
0.1,0.337252210602424
0.11,0.2978481942517714
0.12,0.2622211460114924
0.13,0.23030786720167046
0.14,0.2021083578223056
0.15,0.1775625246772178
0.16,0.1565114117800535
0.17,0.1389550191308127
0.18,0.12492644652503582
0.19,0.1144127040108148
0.2,0.1072715689792213
0.21,0.10350332502335169
0.22,0.10326841916469878
0.23,0.10656980674858225
0.24,0.11343479533619653
0.25,0.12393167951862198
0.26,0.13811389222293785
0.27,0.15590973006526096
0.28,0.1767964890468258
0.29,0.19701696779596087
0.3,0.21657116631266624
0.31,0.23542318503611845
0.32,0.2537231775963228
0.33,0.27153434267319587
0.34,0.28876008655977053
0.35000000000000003,0.3053664772243363
0.36,0.32150503174198347
0.37,0.3371367280517059
0.38,0.35218542467141994
0.39,0.36669966431830214
0.4,0.3808216696012809
0.41000000000000003,0.39445685095323535
0.42,0.40760322655550063
0.43,0.420257841062757
0.44,0.4322807200755519
0.45,0.4436360494844716
0.46,0.4543238292895161
0.47000000000000003,0.4644139702706601
0.48,0.47386573423907646
0.49,0.4826791211947653
0.5,0.4908541311377266
0.51,0.4984164299116238
0.52,0.5052869668939365
0.53,0.5114657420846648
0.54,0.5170493491907754
0.55,0.5220806983950809
0.56,0.5264983730666664
0.5700000000000001,0.5303221913676579
0.58,0.5336282947801398
0.59,0.5364166833041117
0.6,0.5386460999486163
0.61,0.5403884027679243
0.62,0.5416455735807004
0.63,0.5424176123869449
0.64,0.5428171860249157
0.65,0.5428612963808125
0.66,0.5425499416842385
0.67,0.5418849145391021
0.68,0.540964879283882
0.6900000000000001,0.5397898359185783
0.7000000000000001,0.5383597844431909
0.71,0.5366283561767339
0.72,0.5346541689914492
0.73,0.5324372228873367
0.74,0.5299775178643967
0.75,0.527275053922629
0.76,0.5243700923803906
0.77,0.5212338606488374
0.78,0.5178663587279693
0.79,0.5142675866177865
0.8,0.5104788013092463
0.81,0.5064902779461624
0.8200000000000001,0.5021454532827774
0.8300000000000001,0.4974443273190915
0.84,0.4923869000551046
0.85,0.48703711356529816
0.86,0.481444599138981
0.87,0.4756093567761532
0.88,0.46953138647681475
0.89,0.4632106882409655
0.9,0.4566050689905853
0.91,0.44953925365788805
0.92,0.4420359757363424
0.93,0.4340952352259486
0.9400000000000001,0.42570849735387295
0.9500000000000001,0.41687130661630667
0.96,0.4076048183258072
0.97,0.3979570089700986
0.98,0.3879927141107634
0.99,0.37772269635698025
1.0,0.3671469557087491
1.01,0.35629794853510655
1.02,0.3452863960551262
1.03,0.33390117840654837
1.04,0.322142295589373
1.05,0.30996461775233297
1.06,0.29738767415268924
1.07,0.2844485976435982
1.08,0.2711473882250598
1.09,0.25748404589707397
1.1,0.24340770383462398
1.11,0.22896809841589208
1.12,0.2141652296408782
1.1300000000000001,0.1989990975095824
1.1400000000000001,0.18352360291860298
1.1500000000000001,0.16774332727092253
1.16,0.15165827056654094
1.17,0.13570697902649767
1.18,0.12078563524913177
1.19,0.10688347662526468
1.2,0.09400050315489636
1.21,0.08213561243059722
1.22,0.07132415816499213
1.23,0.061777260220340705
1.24,0.05349491859664294
1.25,0.04648072531142999
1.26,0.040689464568568944
1.27,0.03608400351490349
1.28,0.03266434215043364
1.29,0.030409399635545196
1.3,0.029404383389583268
1.31,0.029831434500297654
1.32,0.0316693899197064
1.33,0.034885031746369116
1.34,0.039432993856520895
1.35,0.04531315035098828
1.36,0.05250744059413219
1.37,0.06057404418552248
1.3800000000000001,0.0685519429652374
1.3900000000000001,0.0764278289735878
1.4000000000000001,0.08417769533339481
1.41,0.09180264445208805
1.42,0.0993131646437263
1.43,0.10669965208718757
1.44,0.11395779981431571
1.45,0.12108401580757952
1.46,0.12805214887568322
1.47,0.13482772908707386
1.48,0.14141075644175147
1.49,0.14782231177933025
1.5,0.15406589248976876
1.51,0.1600938332301559
1.52,0.1659272970484737
1.53,0.1715995018461625
1.54,0.17711044762322228
1.55,0.18246835373620152
1.56,0.18771206798216378
1.57,0.1928448645404998
1.58,0.19786674341120958
1.59,0.20279904911630514
1.6,0.20768462020289574
1.61,0.21252345667098127
1.62,0.2173155585205618
1.6300000000000001,0.22204901628055188
1.6400000000000001,0.2267262272216822
1.6500000000000001,0.23134719134395287
1.6600000000000001,0.23590790227891892
1.67,0.24043312128490327
1.68,0.24492284836190598
1.69,0.24937708350992693
1.7,0.25379939703635557
1.71,0.25823727250111966
1.72,0.26269070990421917
1.73,0.26714966687846614
1.74,0.2716011312224809
1.75,0.276036883579715
1.76,0.2804361367887439
1.77,0.28478907196812403
1.78,0.28909451794515106
1.79,0.293344438157502
1.8,0.2974991367189272
1.81,0.3015265632185961
1.82,0.30542671765650875
1.83,0.3092211133248725
1.84,0.3129116599211129
1.85,0.3165141785807254
1.86,0.3200389869952375
1.87,0.3234957938378792
1.8800000000000001,0.3268835684857533
1.8900000000000001,0.33019652258033977
1.9000000000000001,0.3334354409079827
1.9100000000000001,0.3366005052516653
1.92,0.339670659516668
1.93,0.3426457636195321
1.94,0.3455388297616372
1.95,0.3483498579429834
1.96,0.35107604515804713
1.97,0.353725536400821
1.98,0.35629950284400935
1.99,0.3587979444876121
2.0,0.36123704964019465
2.0100000000000002,0.36364811503449024
2.02,0.36603114067049874
2.0300000000000002,0.3683775271184967
2.04,0.3706727289518371
2.05,0.3729009250350244
2.06,0.3750580122562318
2.07,0.3771405846506014
2.08,0.3791450234802773
2.09,0.3810771171037796
2.1,0.3829368655211084
2.11,0.38470682773136344
2.12,0.38640043545640773
2.13,0.3880278711468879
2.14,0.389589134802804
2.15,0.39108422642415597
2.16,0.39251601356867727
2.17,0.3938861837693383
2.18,0.39519473702613916
2.19,0.3964405854672197
2.2,0.39761850058124415
2.21,0.39872923604630967
2.22,0.3997727918624163
2.23,0.4007495148752717
2.24,0.4016674729721835
2.25,0.4025266661531515
2.2600000000000002,0.40332709441817594
2.27,0.4040646466218691
2.2800000000000002,0.40473989510281216
2.29,0.4053528398610048
2.3000000000000003,0.4059034808964473
2.31,0.4063961933262566
2.32,0.4068384511527123
2.33,0.4072302543758142
2.34,0.4075653997662022
2.35,0.40783838935388383
2.36,0.40804915858664914
2.37,0.4081976938189789
2.38,0.40827618189823456
2.39,0.40828378105873975
2.4,0.40823039571958447
2.41,0.4081160258807688
2.42,0.40793792379921917
2.43,0.4077034555572635
2.44,0.4074190986942412
2.45,0.4070848532101521
2.46,0.40670071910499617
2.47,0.40626131825010303
2.48,0.40576773245986814
2.49,0.40521996173429137
2.5,0.4046180060733729
2.5100000000000002,0.40396741565310157
2.52,0.4032614505056089
2.5300000000000002,0.40250011063089514
2.54,0.4016895992583204
2.5500000000000003,0.4008315900095404
2.56,0.3999220624399288
2.57,0.3989610165494856
2.58,0.3979562654908492
2.59,0.3969040366374964
2.6,0.3957891158628689
2.61,0.39461150316696686
2.62,0.39337394629286365
2.63,0.3920670769616614
2.64,0.3906815744945456
2.65,0.3892174388915163
2.66,0.3876745796688718
2.67,0.3860632923761728
2.68,0.38438657222119593
2.69,0.38264441920394104
2.7,0.38083287060521115
2.71,0.37894739539836875
2.72,0.3769948839218595
2.73,0.37497533617568335
2.74,0.3729045595029614
2.75,0.3707972470020174
2.7600000000000002,0.3686574191174775
2.77,0.36648507584934187
2.7800000000000002,0.36428021719761045
2.79,0.3620182889275885
2.8000000000000003,0.35969473155581855
2.81,0.35730954508230045
2.82,0.35486272950703435
2.83,0.3523744279704214
2.84,0.34985446471805925
2.85,0.3473028397499478
2.86,0.34471964354978885
2.87,0.34208392160316087
2.88,0.33938777884883864
2.89,0.33663121528682216
2.9,0.33381765998038004
2.91,0.3309512078422784
2.92,0.3280318588725173
2.93,0.3250596130710967
2.94,0.3220198010878692
2.95,0.3189038788224271
2.96,0.3157118462747703
2.97,0.31244370344489886
2.98,0.3090963671222674
2.99,0.3056930887555004
3.0,0.30225364195461346
3.0100000000000002,0.2987780267196066
3.02,0.29526594568226266
3.0300000000000002,0.29170679942796374
3.04,0.28810008438992674
3.0500000000000003,0.2844458005681516
3.06,0.2807478168204164
3.0700000000000003,0.2770607470150691
3.08,0.27339248621333484
3.09,0.26974303441521363
3.1,0.26611292527663416
3.11,0.26251011061926166
3.12,0.25889981456501154
3.13,0.2552714695180111
3.14,0.25162393748528694
3.15,0.24795489381725955
3.16,0.2442500828671707
3.17,0.24049157532668014
3.18,0.2366824544063333
3.19,0.23282972515626005
3.2,0.2289277723587261
3.21,0.22497225706012175
3.22,0.2209634766286642
3.23,0.216902142119156
3.24,0.2127877654966519
3.25,0.20862014546718238
3.2600000000000002,0.20439541317296928
3.27,0.20008250894944135
3.2800000000000002,0.19566159563266575
3.29,0.19112541343428066
3.3000000000000003,0.18647396235428604
3.31,0.18170855633528596
3.3200000000000003,0.1768945863999725
3.33,0.17204262014421834
3.34,0.1671526575680235
3.35,0.16222469867138795
3.36,0.1572547975494478
3.37,0.15225453447280976
3.38,0.1472239094414738
3.39,0.14216292245543993
3.4,0.13712141595915345
3.41,0.13211967250941645
3.42,0.1271576921062289
3.43,0.12223547474959082
3.44,0.11735350847444766
3.45,0.11249962474008854
3.46,0.10765745205730866
3.47,0.10282699042610796
3.48,0.09802807701041935
3.49,0.09326797159860463
3.5,0.0885239055508988
3.5100000000000002,0.08378354782372074
3.52,0.07901628327246293
3.5300000000000002,0.07422211189712534
3.54,0.06940773910256136
3.5500000000000003,0.06458182766157117
3.56,0.05976257912577706
3.5700000000000003,0.05495634253291255
3.58,0.050163117882977656
3.59,0.045714982153825634
3.6,0.04162155467933165
3.61,0.03786689185630333
3.62,0.03445099368474066
3.63,0.03137652864079898
3.64,0.028645795153298948
3.65,0.02627116305692087
3.66,0.024269003840869614
3.67,0.022639821187684893
3.68,0.02138409072482935
3.69,0.020501812452302988
3.7,0.02001575500987078
3.71,0.01992053894532088
3.72,0.020207903688301866
3.73,0.020877849238813757
3.74,0.02192367019200317
3.75,0.023342434858400492
3.7600000000000002,0.025153734224677166
3.77,0.02735756829083319
3.7800000000000002,0.029953937056868572
3.79,0.03260887131587159
3.8000000000000003,0.035268001503582495
3.81,0.03793132762000128
3.8200000000000003,0.04059252438615735
3.83,0.043241963552840004
3.84,0.04587734669122859
3.85,0.04849862131415279
3.86,0.05110411787746018
3.87,0.053693332698611
3.88,0.05626579015014264
3.89,0.0588147404709079
3.9,0.06133796256091103
3.91,0.06385185297334094
3.92,0.06635905915103327
3.93,0.0688527690601701
3.94,0.07133298270075143
3.95,0.07379391423546827
3.96,0.07620984117052357
3.97,0.07858076350591732
3.98,0.08090668124164951
3.99,0.08318191843353633
4.0,0.08540233908638703
4.01,0.08756794320020161
4.0200000000000005,0.08968386296479941
4.03,0.09173398257081351
4.04,0.09371830201824394
4.05,0.09563687379426097
4.0600000000000005,0.0974913674430171
4.07,0.09928568776425951
4.08,0.10102456640988888
4.09,0.10271475314105241
4.1,0.10435846905774586
4.11,0.10595263728128954
4.12,0.10750223255125038
4.13,0.1090140669014463
4.14,0.11048177949394158
4.15,0.11189573990508579
4.16,0.11326207964200466
4.17,0.1145807987046981
4.18,0.11585235090201787
4.19,0.1170852095263845
4.2,0.11828403357666248
4.21,0.11944882305285179
4.22,0.12057438468894421
4.23,0.12168306656122248
4.24,0.1227748686696865
4.25,0.1238473935814807
4.26,0.12489787900297884
4.2700000000000005,0.12592242013443367
4.28,0.12691501448752734
4.29,0.12787078414342953
4.3,0.12878972910214026
4.3100000000000005,0.12967428490636732
4.32,0.13051716155457457
4.33,0.13131835904676198
4.34,0.13208423822086532
4.3500000000000005,0.1328153248083693
4.36,0.13350915538781455
4.37,0.13416572995920112
4.38,0.1347845947136772
4.39,0.13536481982022197
4.4,0.13590489363360259
4.41,0.13640481615381908
4.42,0.13687064414979883
4.43,0.13729551448110122
4.44,0.13767942714772624
4.45,0.1380247795825295
4.46,0.13833433407913728
4.47,0.13860195252807644
4.48,0.13882848971767323
4.49,0.13901882356675796
4.5,0.1391687070102256
4.51,0.1392763879535313
4.5200000000000005,0.1393497947861601
4.53,0.13938690831309158
4.54,0.13938389752354982
4.55,0.13934992186367895
4.5600000000000005,0.1392874447549383
4.57,0.13919012835580274
4.58,0.1390574089212149
4.59,0.13888931116301736
4.6000000000000005,0.13868360682764314
4.61,0.13843772265732315
4.62,0.13815198823828953
4.63,0.13783211568112258
4.64,0.13747324413986775
4.65,0.13707537361452504
4.66,0.1366385803848252
4.67,0.13617488987421628
4.68,0.13568471813078922
4.69,0.135168065154544
4.7,0.13462917801058566
4.71,0.13406376944708784
4.72,0.13346592051984932
4.73,0.13283765042389054
4.74,0.13218279016998732
4.75,0.1314973932085576
4.76,0.13078091439171183
4.7700000000000005,0.130039691560975
4.78,0.12927370228276475
4.79,0.1284802825400483
4.8,0.1276631722316255
4.8100000000000005,0.1268249446152653
4.82,0.12596573947886028
4.83,0.12508767529880252
4.84,0.1241956129210466
4.8500000000000005,0.12328955234559247
4.86,0.12236724367579868
4.87,0.12141379898981064
4.88,0.12042921828762827
4.89,0.11941350156925164
4.9,0.11836479212429026
4.91,0.11728784288661961
4.92,0.1161885728004409
4.93,0.11506698186575412
4.94,0.11391638705491544
4.95,0.1127386106359132
4.96,0.11153419775663694
4.97,0.11030495170501368
4.98,0.10905662888293681
4.99,0.10779189330743903
5.0,0.10651074497852031
5.01,0.10521314767077664
5.0200000000000005,0.10389881028439221
5.03,0.10256749287897479
5.04,0.10121919545452437
5.05,0.09985391801104099
5.0600000000000005,0.09847888131935555
5.07,0.09710339724004101
5.08,0.09572746577309739
5.09,0.09435108691852469
5.1000000000000005,0.09297368954297101
5.11,0.09158108445796857
5.12,0.09017327166351738
5.13,0.08875025115961742
5.14,0.08731890327671057
5.15,0.0858819256525574
5.16,0.08443931828715791
5.17,0.08298927789258508
5.18,0.08152160071075513
5.19,0.08001682601094251
5.2,0.07847495379314721
5.21,0.07689602028277329
5.22,0.07530320273755449
5.23,0.07369663657503393
5.24,0.07207632179521165
5.25,0.07044225839808758
5.26,0.06879120282565714
5.2700000000000005,0.06712337075046705
5.28,0.0654387621725173
5.29,0.06373737709180792
5.3,0.06204389299254115
5.3100000000000005,0.06042055926905386
5.32,0.058867375921346034
5.33,0.0573843429494177
5.34,0.05597037031589536
5.3500000000000005,0.054621066202386236
5.36,0.05333643060889034
5.37,0.052116463535407664
5.38,0.050961511829344164
5.39,0.04988251366084521
5.4,0.0488794690299108
5.41,0.04795089383774705
5.42,0.04705912972407257
5.43,0.04620404127134427
5.44,0.045385628479562116
5.45,0.04467253948296424
5.46,0.044103651997663904
5.47,0.04367843909842109
5.48,0.04339659750895435
5.49,0.04320579025396164
5.5,0.04308376769298298
5.51,0.042984397368617
5.5200000000000005,0.04290767928086369
5.53,0.04285361342972307
5.54,0.04282309254977053
5.55,0.04281993510323203
5.5600000000000005,0.04284414109010759
5.57,0.04289571051039719
5.58,0.04297933005152523
5.59,0.0431035222740719
5.6000000000000005,0.0432682871780372
5.61,0.04346852330205962
5.62,0.043718645774995034
5.63,0.044018654596843426
5.64,0.0443685497676048
5.65,0.04469467762792602
5.66,0.04493281338863454
5.67,0.045082957049730366
5.68,0.04514541188749494
5.69,0.04515150671526077
5.7,0.0450922507117541
5.71,0.044967643876974925
5.72,0.0447684258442143
5.73,0.04447627309928593
5.74,0.04409118564218981
5.75,0.04361521212046475
5.76,0.04308740548535216
5.7700000000000005,0.04250776573685204
5.78,0.0418762928749644
5.79,0.041183353188030444
5.8,0.04042320119127478
5.8100000000000005,0.03960242244485282
5.82,0.0387290617101877
5.83,0.037816704999775866
5.84,0.0368653523136173
5.8500000000000005,0.03588000917682706
5.86,0.03488421906654886
5.87,0.03387798198278271
5.88,0.032866846998566374
5.89,0.03187693911700177
5.9,0.03091724915936265
5.91,0.029987777125649012
5.92,0.029097783382569815
5.93,0.028265591444311355
5.94,0.02749120131087362
5.95,0.026772564334717808
5.96,0.026070627564602523
5.97,0.025397212640244332
5.98,0.024753786713314144
5.99,0.024149983495470755
6.0,0.023591548471489518
6.01,0.02307848164137045
6.0200000000000005,0.022599418970004788
6.03,0.022137064995835926
6.04,0.021691419718863878
6.05,0.021273898640922037
6.0600000000000005,0.02091470524909842
6.07,0.020613839543393034
6.08,0.020365752450768104
6.09,0.020165643399819497
6.1000000000000005,0.02001498918964827
6.11,0.01991378982025442
6.12,0.01986204529163795
6.13,0.019862005581383124
6.140000000000001,0.019916583572131805
6.15,0.020025779263883988
6.16,0.020189592656639676
6.17,0.020396202110682275
6.18,0.020647528479576054
6.19,0.02094473439938568
6.2,0.021287819870111156
6.21,0.02167678489175248
6.22,0.022113861392716327
6.23,0.022602607879373356
6.24,0.023143024351723572
6.25,0.023721952977472406
6.26,0.024302983888830697
6.2700000000000005,0.02488611708579844
6.28,0.025471352568375644
6.29,0.02605723197811179
6.3,0.026634229313285247
6.3100000000000005,0.027202344573896024
6.32,0.027761577759944128
6.33,0.028309678893845287
6.34,0.028842552575541407
6.3500000000000005,0.029357644705608456
6.36,0.02985495528404642
6.37,0.030334484310855316
6.38,0.030788169937840188
6.390000000000001,0.031209384477038617
6.4,0.031598127928450584
6.41,0.0319544002920761
6.42,0.03227629797257153
6.43,0.032557297300651315
6.44,0.032797398276315455
6.45,0.03299834323002511
6.46,0.03315768562837558
6.47,0.03327499468123524
6.48,0.033350270388604095
6.49,0.033384151917872876
6.5,0.03337929247922562
6.51,0.033335692072662314
6.5200000000000005,0.03325335069818298
6.53,0.0331322683557876
6.54,0.03296740762972082
6.55,0.0327610362340366
6.5600000000000005,0.032513154168734945
6.57,0.03222277361182448
6.58,0.031888862261424906
6.59,0.031516885169433975
6.6000000000000005,0.031106842335851682
6.61,0.030670214317428175
6.62,0.030214391399904256
6.63,0.029746048195254976
6.640000000000001,0.029265184703480336
6.65,0.028771800924580326
6.66,0.02826441421572906
6.67,0.027742486156256064
6.68,0.027206016746161327
6.69,0.02666703558966277
6.7,0.02613593636800855
6.71,0.025612719081198665
6.72,0.025111327466603318
6.73,0.024652369567601452
6.74,0.024242065317364673
6.75,0.023880701101263065
6.76,0.023575449292568978
6.7700000000000005,0.0233327779917554
6.78,0.023158393343662435
6.79,0.02305229534829008
6.8,0.023014484005638342
6.8100000000000005,0.023036257902864975
6.82,0.023114366171848106
6.83,0.02324880881258773
6.84,0.023439585825083847
6.8500000000000005,0.023687727027178956
6.86,0.024004661663480927
6.87,0.02439135894479184
6.88,0.02484781887111171
6.890000000000001,0.025357174170975195
6.9,0.02591336862399281
6.91,0.02651640223016457
6.92,0.027148418802045195
6.93,0.027777437427514762
6.94,0.028403458106573264
6.95,0.029026480839220714
6.96,0.029639333252184735
6.97,0.030236180111833943
6.98,0.03081537853266709
6.99,0.03137692851468417
7.0,0.031920830057885166
7.01,0.03244423259306037
7.0200000000000005,0.03294445166875546
7.03,0.03342148728497046
7.04,0.03387533944170535
7.05,0.0343049187126606
7.0600000000000005,0.03470819098349246
7.07,0.035085156254200923
7.08,0.035435814524786
7.09,0.03576557082237329
7.1000000000000005,0.03607612331404174
7.11,0.03636747199979134
7.12,0.03664352932969716
7.13,0.036916312970993806
7.140000000000001,0.03718732997187764
7.15,0.037456580332348666
7.16,0.03772406405240688
7.17,0.037992038555744186
7.18,0.038262903497248674
7.19,0.03853665887692034
7.2,0.03881331388827558
7.21,0.03909624637056509
7.22,0.03938720958386187
7.23,0.039686203528165924
7.24,0.03999194576025418
7.25,0.040302066394315175
7.26,0.04061730585701652
7.2700000000000005,0.04093766414835824
7.28,0.04126314126834032
7.29,0.04159580878467096
7.3,0.04193935728856083
7.3100000000000005,0.04229378678000994
7.32,0.04265909725901829
7.33,0.04303594279689149
7.34,0.04342472091912406
7.3500000000000005,0.04382543162571602
7.36,0.044238074916667355
7.37,0.04466333092699623
7.38,0.04510103680576551
7.390000000000001,0.04555119255297518
7.4,0.04601501124396218
7.41,0.04649035129244982
7.42,0.0469772126984381
7.43,0.04747009846592099
7.44,0.047965491743480804
7.45,0.04846582202538607
7.46,0.04897108931163678
7.47,0.04948027438405726
7.48,0.049992211389116796
7.49,0.050504764320560544
7.5,0.05101360295167675
7.51,0.0515176674704778
7.5200000000000005,0.05201558548659933
7.53,0.05250605813024213
7.54,0.05298718082771527
7.55,0.0534523361147219
7.5600000000000005,0.05389806759086426
7.57,0.05432179265258208
7.58,0.05472291738142563
7.59,0.05510144177739492
7.6000000000000005,0.055456143571636675
7.61,0.055785428725365904
7.62,0.056087654289438515
7.63,0.05636831725986058
7.640000000000001,0.056632216931272815
7.65,0.05687935330367522
7.66,0.057109122704716686
7.67,0.05731885854723049
7.68,0.05750972668474734
7.69,0.05768172711726725
7.7,0.057834859844790185
7.71,0.057970184679303774
7.72,0.05808591486680166
7.73,0.05818168072650224
7.74,0.058257482258405525
7.75,0.05831993692680838
7.76,0.05837250113210853
7.7700000000000005,0.05841435818723183
7.78,0.058443738041807566
7.79,0.058460640695835744
7.8,0.058465066149316326
7.8100000000000005,0.058457443613362116
7.82,0.05843941603711718
7.83,0.05841047377353685
7.84,0.05836966820326693
7.8500000000000005,0.05831699932630745
7.86,0.05825307081500948
7.87,0.058181568474715464
7.88,0.05810249230542539
7.890000000000001,0.05801617397509101
7.9,0.057924557017247136
7.91,0.05782764143189376
7.92,0.05772858636340158
7.930000000000001,0.05762776149255222
7.94,0.05752516681934565
7.95,0.0574208023437819
7.96,0.05731466806586094
7.97,0.057207580672656966
7.98,0.057101310214540665
7.99,0.05699585669151206
8.0,0.056889487442263506
8.01,0.056781751661789635
8.02,0.05667264935009046
8.03,0.056562690154210636
8.040000000000001,0.056452822693504365
8.05,0.05634304696797162
8.06,0.056233286635467075
8.07,0.05612343130472598
8.08,0.05601348097574834
8.09,0.05590310398058244
8.1,0.05579035678569344
8.11,0.055678915215289435
8.120000000000001,0.05556998166460686
8.13,0.05546355613364566
8.14,0.05535963862240589
8.15,0.055258229130887515
8.16,0.05515932765909056
8.17,0.05506293420701501
8.18,0.05497080114864602
8.19,0.054884880193989585
8.2,0.0548069040043533
8.21,0.05473732338474256
8.22,0.05467613833515735
8.23,0.05462527769218517
8.24,0.054586741111340584
8.25,0.0545605285926236
8.26,0.05454671647817958
8.27,0.05454541515927323
8.28,0.054556624635904584
8.290000000000001,0.054583324136938186
8.3,0.05462868281219692
8.31,0.05468902483747271
8.32,0.05476314781752915
8.33,0.05485105175236623
8.34,0.05495569011343141
8.35,0.05507961642444527
8.36,0.0552228306854078
8.370000000000001,0.05538533289631901
8.38,0.05556537068319374
8.39,0.055763810491250856
8.4,0.05598093991099175
8.41,0.05621675894241638
8.42,0.0564712675855248
8.43,0.0567425370037295
8.44,0.057031144630234024
8.45,0.0573370979880678
8.46,0.05766039707723082
8.47,0.05800104189772307
8.48,0.058359032449544566
8.49,0.058734630220116726
8.5,0.05912575350621263
8.51,0.05953240230783223
8.52,0.059954576624975574
8.53,0.060392276457642634
8.540000000000001,0.060839994941909656
8.55,0.06129268256996175
8.56,0.061750339341798896
8.57,0.06221296525742111
8.58,0.06268056031682837
8.59,0.06315030636479586
8.6,0.06362191581082219
8.61,0.06409538865490738
8.620000000000001,0.06459456016358128
8.63,0.06512102572380449
8.64,0.06567220824685889
8.65,0.06624810020971506
8.66,0.06685915865364925
8.67,0.06750787547796648
8.68,0.0681942506826668
8.69,0.06891606337595853
8.700000000000001,0.06968634815475391
8.71,0.070505105019053
8.72,0.0713723339688557
8.73,0.07228259829112613
8.74,0.07323586034667028
8.75,0.07423461611958249
8.76,0.07527886560986272
8.77,0.0763768437738219
8.78,0.07753830018140964
8.790000000000001,0.07876323483262596
8.8,0.08005164772747084
8.81,0.08140970258947947
8.82,0.08281505802706307
8.83,0.08426611865326113
8.84,0.08576411390426172
8.85,0.08731471194986037
8.86,0.08890745574878081
8.870000000000001,0.09053985340171802
8.88,0.09220122839943527
8.89,0.09388208381374362
8.9,0.09556829760113492
8.91,0.09725986976160916
8.92,0.09895680029516637
8.93,0.10067227785807228
8.94,0.10241104731212976
8.950000000000001,0.10417310865733875
8.96,0.10595846189369935
8.97,0.10776759019892768
8.98,0.10961715481838223
8.99,0.11150715575206308
9.0,0.11343759299997017
9.01,0.11540930670362985
9.02,0.1174230060078049
9.03,0.1194786909124953
9.040000000000001,0.12157416449196365
9.05,0.12370145778628885
9.06,0.12586057079547094
9.07,0.12805150351950995
9.08,0.13029137994366596
9.09,0.13259477900455077
9.1,0.13496170070216434
9.11,0.1373921450365067
9.120000000000001,0.13990355748003203
9.13,0.1424914900879314
9.14,0.14515378903007223
9.15,0.14788801192805595
9.16,0.15069099232017447
9.17,0.1535540120724007
9.18,0.15645066036942648
9.19,0.15935006072887925
9.200000000000001,0.16223979459759272
9.21,0.1651128581105054
9.22,0.1679670482479133
9.23,0.17080236500981652
9.24,0.17363937797355625
9.25,0.17651790387844654
9.26,0.17943794272448738
9.27,0.18239949451167883
9.28,0.18537424754406764
9.290000000000001,0.1883392071313614
9.3,0.19129437327356014
9.31,0.1942397459706638
9.32,0.19715787975021826
9.33,0.2000398179899197
9.34,0.20287937314357754
9.35,0.20567898758959036
9.36,0.20844182778966625
9.370000000000001,0.2111678937438052
9.38,0.21385718545200727
9.39,0.21654502944585713
9.4,0.2192461597524206
9.41,0.22196057637169764
9.42,0.22468827930368818
9.43,0.22742926854839235
9.44,0.2301639420180181
9.450000000000001,0.23286398643542344
9.46,0.23553033254028866
9.47,0.2381629803326138
9.48,0.24078379403232847
9.49,0.2434096664968081
9.5,0.24603129668319138
9.51,0.24863184265993662
9.52,0.251211304427044
9.53,0.25377533460839613
9.540000000000001,0.2563301207501839
9.55,0.25887566285240704
9.56,0.2614119609150658
9.57,0.26396992518823736
9.58,0.26663894779081027
9.59,0.2694145786735724
9.6,0.2722945023626242
9.61,0.2752990443956871
9.620000000000001,0.2784381020807673
9.63,0.28171167541786485
9.64,0.2851058783941119
9.65,0.2885889723367557
9.66,0.29216002650611583
9.67,0.29581904090219246
9.68,0.29954847411440466
9.69,0.30332515034138663
9.700000000000001,0.30715837062599943
9.71,0.31106497689978485
9.72,0.3150449691627428
9.73,0.3190837401118367
9.74,0.3231642759998943
9.75,0.3272865768269155
9.76,0.33145064259290036
9.77,0.3356255630477715
9.78,0.3397219460726405
9.790000000000001,0.34374088776846434
9.8,0.34768500523542095
9.81,0.35153397293578903
9.82,0.3552778935615624
9.83,0.358916767112741
9.84,0.36246447960219264
9.85,0.3659405581401517
9.86,0.36931490996555644
9.870000000000001,0.37258753507840686
9.88,0.37577597488928377
9.89,0.378903405199553
9.9,0.3819698260092146
9.91,0.38497523731826855
9.92,0.3879196391267149
9.93,0.3908215471468664
9.94,0.3938109505769726
9.950000000000001,0.3968878494170338
9.96,0.40005224366704983
9.97,0.4033041333270206
9.98,0.4066428707300135
9.99,0.4100671234165432
10.0,0.41357427428643173
10.01,0.4171643233396791
10.02,0.4208452576787408
10.03,0.4246357818775072
10.040000000000001,0.42853589593597824
10.05,0.43254860874462586
10.06,0.436705068852193
10.07,0.4410094729918508
10.08,0.44546182116359934
10.09,0.4500621133674384
10.1,0.4548117160184947
10.11,0.45972650821048094
10.120000000000001,0.4648064899433971
10.13,0.47004775280796735
10.14,0.4753367261437106
10.15,0.4806684232839295
10.16,0.4860428442286242
10.17,0.49145998897779475
10.18,0.4969205051983738
10.19,0.5024224076919108
10.200000000000001,0.5079656074960166
10.21,0.5135501046106911
10.22,0.5191679119334787
10.23,0.5248225796594201
10.24,0.5305241134379105
10.25,0.5362725132689495
10.26,0.5420667233648561
10.27,0.5478822507978657
10.28,0.5537131429723202
10.290000000000001,0.5595593998882198
10.3,0.5654196551304379
10.31,0.571307418226635
10.32,0.5772641345518882
10.33,0.5832898041061976
10.34,0.5893850220989661
10.35,0.5955415731129822
10.36,0.6017570613622167
10.370000000000001,0.6080314868466699
10.38,0.6143656122777985
10.39,0.6207766932539465
10.4,0.6272648187375027
10.41,0.6338299887284675
10.42,0.6404709698603523
10.43,0.6471632534331223
10.44,0.653896833797383
10.450000000000001,0.6606717109531339
10.46,0.6674830723503767
10.47,0.6743474491504723
10.48,0.6812707939490783
10.49,0.6882531067461951
10.5,0.6952608658573883
10.51,0.7022435511511799
10.52,0.7091597172524927
10.53,0.7160093641613268
10.540000000000001,0.7227924918776822
10.55,0.7295791054688914
10.56,0.7363806959760966
10.57,0.7431972633992976
10.58,0.7500280450270373
10.59,0.7568836671119836
10.6,0.7637661739270324
10.61,0.7706755654721835
10.620000000000001,0.7776109757652871
10.63,0.7845673807443123
10.64,0.791544780409259
10.65,0.7985431747601273
10.66,0.8055684467443853
10.67,0.8126260870658151
10.68,0.8197160957244167
10.69,0.82683847272019
10.700000000000001,0.8340365467925844
10.71,0.8413402982595193
10.72,0.8487497271209943
10.73,0.8562648333770098
10.74,0.8638626063719279
10.75,0.8714807624861475
10.76,0.8791102064645555
10.77,0.8867509383071519
10.78,0.8944267530217556
10.790000000000001,0.9021194546070493
10.8,0.9098269987901373
10.81,0.9175493855710194
10.82,0.9251905780857281
10.83,0.9327569313833296
10.84,0.9402484454638238
10.85,0.9476651203272104
10.86,0.9550058855760201
10.870000000000001,0.9623988130554274
10.88,0.9698523043591736
10.89,0.9773663594872588
10.9,0.9849317386875109
10.91,0.9925403002993459
10.92,1.000192044322764
10.93,1.0078869707577653
10.94,1.0156157010960618
10.950000000000001,1.0233816655071022
10.96,1.0311848639908863
10.97,1.0390293313736771
10.98,1.046920780758728
10.99,1.0548517478533235
11.0,1.0628222326574635
11.01,1.0708244979875543
11.02,1.0789509264950532
11.03,1.0872024411240289
11.040000000000001,1.0955790418744815
11.05,1.1040328360872447
11.06,1.112558429832697
11.07,1.1210260255951148
11.08,1.1294272217807566
11.09,1.1377860869312455
11.1,1.1461129427561396
11.11,1.1544070821082084
11.120000000000001,1.1626685049874517
11.13,1.1708382847296983
11.14,1.1789364224224088
11.15,1.1869649685323125
11.16,1.19492392305941
11.17,1.2028170154490685
11.18,1.2106637011603603
11.19,1.2184639801932855
11.200000000000001,1.2262178525478449
11.21,1.233940066519555
11.22,1.2416909199673651
11.23,1.249470412891275
11.24,1.2572785452912851
11.25,1.2651351900013001
11.26,1.2730292094794664
11.27,1.2809606037257844
11.28,1.2889293727402538
11.290000000000001,1.29693831891494
11.3,1.3049848426653992
11.31,1.3130689439916317
11.32,1.321186713459467
11.33,1.3293816488597838
11.34,1.3376661382690476
11.35,1.3460401816872574
11.36,1.3545127277185205
11.370000000000001,1.3630857513410368
11.38,1.3717102889846626
11.39,1.3803863406493968
11.4,1.3892292032775544
11.41,1.3982417454073992
11.42,1.407347165177698
11.43,1.4164187679942315
11.44,1.425456553857
11.450000000000001,1.4344885425912646
11.46,1.4435785744825216
11.47,1.4527939593127113
11.48,1.4621346970818339
11.49,1.4715939264704236
11.5,1.481184348425487
11.51,1.4909059629470234
11.52,1.500759854608468
11.53,1.5107606757484329
11.540000000000001,1.5209063632561715
11.55,1.5311724453290123
11.56,1.5415499733628488
11.57,1.5520353233395963
11.58,1.5626456737880112
11.59,1.5733810247080942
11.6,1.584145234713491
11.61,1.5949419784098442
11.620000000000001,1.6057883490554967
11.63,1.61674834149732
11.64,1.6278219557353144
11.65,1.6390082695808794
11.66,1.6502575492188405
11.67,1.6615024848672584
11.68,1.6727501231276651
11.69,1.683987725334798
11.700000000000001,1.6951943011136925
11.71,1.7063685276358271
11.72,1.7175129306380732
11.73,1.7286005674512925
11.74,1.7394937809115034
11.75,1.750217042821377
11.76,1.7607703531809136
11.77,1.7712139080157783
11.78,1.7816283219821234
11.790000000000001,1.7920135950799487
11.8,1.8023461038643451
11.81,1.8126113354397855
11.82,1.8228053826575183
11.83,1.832965060632871
11.84,1.8430903693658434
11.85,1.8531673534522262
11.86,1.8631868837525196
11.870000000000001,1.8731489602667235
11.88,1.8830869644165105
11.89,1.8930055606723208
11.9,1.9028976116226612
11.91,1.9127483506718863
11.92,1.9225580769438602
11.93,1.9323304622836772
11.94,1.9421985152261647
11.950000000000001,1.9521572197255828
11.96,1.9621800749554272
11.97,1.9722007696582868
11.98,1.982124600342574
11.99,1.9919557169505915
12.0,2.001698587371286
12.01,2.011355350011705
12.02,2.020935340377204
12.030000000000001,2.030440482502346
12.040000000000001,2.039814544804414
12.05,2.049072404876217
12.06,2.058234692430797
12.07,2.067318146034847
12.08,2.0762823376651616
12.09,2.0851165768994084
12.1,2.0938285164837245
12.11,2.1024293331734705
12.120000000000001,2.1108972706574365
12.13,2.119256376294346
12.14,2.1275119273455507
12.15,2.1356679680856243
12.16,2.1437479016970333
12.17,2.151727592615198
12.18,2.1596039511467966
12.19,2.167379062101875
12.200000000000001,2.1750577578669246
12.21,2.1826297219509216
12.22,2.190060909848906
12.23,2.1973752821583323
12.24,2.2046244820937657
12.25,2.2118062635387425
12.26,2.218906424402056
12.27,2.2258896799944163
12.280000000000001,2.2327560303158225
12.290000000000001,2.239521245837529
12.3,2.2461916596288423
12.31,2.252739850474856
12.32,2.2591614043195154
12.33,2.265452337922265
12.34,2.2715533969772936
12.35,2.2774655532557673
12.36,2.2831919044017237
12.370000000000001,2.288742652219308
12.38,2.29411696794641
12.39,2.2993086168306807
12.4,2.3042961127429633
12.41,2.309085449138468
12.42,2.313710406470642
12.43,2.3181586454316188
12.44,2.3224280572753857
12.450000000000001,2.326520888118407
12.46,2.330433784812505
12.47,2.334169813613926
12.48,2.3377289745226717
12.49,2.341094252070419
12.5,2.3442557349336317
12.51,2.3472448619146946
12.52,2.350087803380874
12.530000000000001,2.3527795148099124
12.540000000000001,2.3553734008628497
12.55,2.3578694615396874
12.56,2.360263598518121
12.57,2.3625607204473673
12.58,2.3647616560895375
12.59,2.3668625409775297
12.6,2.368865878232492
12.61,2.370774811122888
12.620000000000001,2.372587645327994
12.63,2.374297502900274
12.64,2.375911080953894
12.65,2.3774283794888538
12.66,2.3788479707717536
12.67,2.3801794998699792
12.68,2.3814229667835294
12.69,2.3825709279710727
12.700000000000001,2.3836157462920378
12.71,2.38455831682775
12.72,2.385398034279242
12.73,2.3861277290498686
12.74,2.3867546852629493
12.75,2.387278902918485
12.76,2.3876934585217047
12.77,2.3879971470077463
12.780000000000001,2.3881899683766106
12.790000000000001,2.3882672234366717
12.8,2.388228650134347
12.81,2.3880742484696365
12.82,2.3877997438393597
12.83,2.3874170002225563
12.84,2.386926017619225
12.85,2.3863218661749364
12.86,2.385602664218878
12.870000000000001,2.3847742465500152
12.88,2.3838333715428757
12.89,2.3827625055704695
12.9,2.381572348692956
12.91,2.380263740776172
12.92,2.3788401399499755
12.93,2.3773177435738253
12.94,2.3756965516477218
12.950000000000001,2.3739626242467375
12.96,2.3721233176428145
12.97,2.3701888620120295
12.98,2.368153545578771
12.99,2.3660170114505172
13.0,2.36379367230237
13.01,2.3614835281343285
13.02,2.35906827545548
13.030000000000001,2.3565535279892424
13.040000000000001,2.353939285735617
13.05,2.3512213787945244
13.06,2.348406369832103
13.07,2.345494258848352
13.08,2.342477925846464
13.09,2.3393500893837484
13.1,2.3361107494602056
13.11,2.3327552106688825
13.120000000000001,2.329263131262635
13.13,2.325634511241463
13.14,2.3218700203698357
13.15,2.3179892710946044
13.16,2.313995928960901
13.17,2.3098899939687274
13.18,2.3056455537951903
13.19,2.301256695890713
13.200000000000001,2.2967234202552937
13.21,2.2920521170149017
13.22,2.287271775352342
13.23,2.2823841348205596
13.24,2.277387337801075
13.25,2.272278602149437
13.26,2.2670631542707156
13.27,2.261740994164909
13.280000000000001,2.2562779357704166
13.290000000000001,2.2506837954570353
13.3,2.2449585732247668
13.31,2.239110492658373
13.32,2.2331590214342674
13.33,2.2271041595524492
13.34,2.220950973173052
13.35,2.2146991121684936
13.36,2.2083485765387736
13.370000000000001,2.201892860364288
13.38,2.1953086803309967
13.39,2.188610869539724
13.4,2.1818017907331755
13.41,2.174901025503744
13.42,2.1679038570834424
13.43,2.1608102854722704
13.44,2.1536289319449886
13.450000000000001,2.1463745814949515
13.46,2.1390472341221596
13.47,2.1316403734871754
13.48,2.1241263545458464
13.49,2.116527619539389
13.5,2.1088441684678014
13.51,2.1010911297671884
13.52,2.093267026761331
13.530000000000001,2.085371859450228
13.540000000000001,2.0773744441491457
13.55,2.069251759106154
13.56,2.0610038043212535
13.57,2.052622668685828
13.58,2.044141489965711
13.59,2.0355602681609013
13.6,2.0268801096436406
13.61,2.018082062526307
13.620000000000001,2.009166126808902
13.63,2.00012953251019
13.64,1.9909397818715546
13.65,1.9815939717986002
13.66,1.972092102291326
13.67,1.9624679536656102
13.68,1.9527952500692858
13.69,1.943073991502353
13.700000000000001,1.9332930342969779
13.71,1.9234228193795881
13.72,1.9134628446662443
13.73,1.9034153314713766
13.74,1.8933172645391287
13.75,1.8831863432270872
13.76,1.8730225675352514
13.77,1.862815615433092
13.780000000000001,1.8525721249725067
13.790000000000001,1.8422920961534968
13.8,1.8319541123658976
13.81,1.8214993254153444
13.82,1.8109277353018363
13.83,1.8002459432219697
13.84,1.7894949707052217
13.85,1.7786748177515928
13.86,1.767785484361082
13.870000000000001,1.7567126650156055
13.88,1.7454513876749593
13.89,1.7340031657461545
13.9,1.7223975737324728
13.91,1.7106446742277348
13.92,1.6987442128098915
13.93,1.6866835292147404
13.94,1.6744510864582707
13.950000000000001,1.6620468845404832
13.96,1.6495148379131273
13.97,1.6368824232134052
13.98,1.6241647720361343
13.99,1.6112997222089498
14.0,1.5982549221428208
14.01,1.5850822002013722
14.02,1.5718841439483593
14.030000000000001,1.558721005463664
14.040000000000001,1.5455774973201446
14.05,1.5324536195178018
14.06,1.519278349218738
14.07,1.5061158052497217
14.08,1.492969428231157
14.09,1.479805380901037
14.1,1.4665534689160156
14.11,1.4532136922760928
14.120000000000001,1.439785145149973
14.13,1.4262760666182117
14.14,1.4126864566808086
14.15,1.399015070405596
14.16,1.3852147521117781
14.17,1.3712827642209013
14.18,1.357220736854007
14.19,1.3430980212884258
14.200000000000001,1.3289649166084068
14.21,1.3148213305974918
14.22,1.3005530813292814
14.23,1.2860960855085326
14.24,1.271450343135245
14.25,1.2566548361938517
14.26,1.2417887986407987
14.27,1.226875153190963
14.280000000000001,1.2118703851514032
14.290000000000001,1.1967332345374888
14.3,1.1815154648571178
14.31,1.1662275780345737
14.32,1.1508906497742015
14.33,1.1355068799452184
14.34,1.1200670300404771
14.35,1.1045195874186453
14.36,1.088867793308769
14.370000000000001,1.07311322442736
14.38,1.0572643772278199
14.39,1.0413140626051818
14.4,1.025264359695234
14.41,1.0091646923978983
14.42,0.9930266550758191
14.43,0.9768502477289964
14.44,0.9607004833211097
14.450000000000001,0.9445641037942452
14.46,0.9284328980298528
14.47,0.9123068660279339
14.48,0.89609790485208
14.49,0.8798718643108284
14.5,0.8636287444041791
14.51,0.8473725888758519
14.52,0.8310877009784438
14.530000000000001,0.8147740807119546
14.540000000000001,0.7984685065682455
14.55,0.7822487884270584
14.56,0.7661149262883933
14.57,0.7500611937092315
14.58,0.7339948454051204
14.59,0.7179158813760597
14.6,0.7018222224862616
14.61,0.6857105945850476
14.620000000000001,0.669585196813522
14.63,0.6534460291716849
14.64,0.6372251795902101
14.65,0.6208948914989255
14.66,0.6044551648978311
14.67,0.5878787079939972
14.68,0.5712242929733525
14.69,0.5544996538669867
14.700000000000001,0.5376894106884248
14.71,0.5207447052924217
14.72,0.5036613189753795
14.73,0.48648400639918465
14.74,0.46923158720089314
14.75,0.4518790090742639
14.76,0.4344433135696967
14.77,0.4169570567789645
14.780000000000001,0.39950285741207703
14.790000000000001,0.38207654010393644
14.8,0.3646336412904878
14.81,0.3471281034389464
14.82,0.3295557274082076
14.83,0.3120443933379145
14.84,0.2945992956127308
14.85,0.2772224668763098
14.86,0.2598982351455691
14.870000000000001,0.2426255882186709
14.88,0.22547737153903458
14.89,0.20845358510666032
14.9,0.19160219672662326
14.91,0.17495920932611875
14.92,0.15852462290514674
14.93,0.14272167278813036
14.94,0.12814092183812878
14.950000000000001,0.114782370055142
14.96,0.10262897588877033
14.97,0.09163685442701426
14.98,0.08178945080035446
14.99,0.07309094037388891
15.0,0.06558578671167241
15.01,0.05927565138349679
15.02,0.054196186479002616
15.030000000000001,0.05021951185854695
15.040000000000001,0.04734333224311281
15.05,0.045567639328731716
15.06,0.044907318992381165
15.07,0.04539067522882879
15.08,0.04701770803807458
15.09,0.049788417420118525
15.1,0.053728447744053096
15.11,0.05884009995378796
15.120000000000001,0.06512337404932306
15.13,0.07209569034920274
15.14,0.0791045225331457
15.15,0.086149870601152
15.16,0.09323173455322166
15.17,0.10034390014202219
15.18,0.10749678747400697
15.19,0.11469039654917605
15.200000000000001,0.12192472736752942
15.21,0.12920832018500666
15.22,0.13650779253781234
15.23,0.14382314442594638
15.24,0.15115426898292306
15.25,0.15849710127375083
15.26,0.16585242740453462
15.27,0.17322024737527442
15.280000000000001,0.18059035998447986
15.290000000000001,0.1879252967331849
15.3,0.19516682543369662
15.31,0.20231095469215257
15.32,0.2093576845085528
15.33,0.21635089691718917
15.34,0.2233119955374871
15.35,0.23024098036944657
15.36,0.2371378514130676
15.370000000000001,0.24402026052113426
15.38,0.25089392303937935
15.39,0.25775883896780283
15.4,0.26461500830640466
15.41,0.2714734453750595
15.42,0.2783335694418501
15.43,0.28519538050677645
15.44,0.2920557647668584
15.450000000000001,0.2989056376159581
15.46,0.3057449990540756
15.47,0.31257384908121094
15.48,0.31941000418046317
15.49,0.3263090869822774
15.5,0.3332710974866535
15.51,0.3402960356935916
15.52,0.34737283502401295
15.530000000000001,0.3544668738992933
15.540000000000001,0.3615723525354592
15.55,0.36868927093251064
15.56,0.37581546722978554
15.57,0.38295476822396307
15.58,0.3901075933323767
15.59,0.3972631275415245
15.6,0.4043601904562196
15.610000000000001,0.4113775659308564
15.620000000000001,0.4183135650715067
15.63,0.4251681878781704
15.64,0.4319724728128883
15.65,0.4387698820594811
15.66,0.44556041561794857
15.67,0.4523440734882908
15.68,0.4591238629844955
15.69,0.4658876029317419
15.700000000000001,0.47263529333002985
15.71,0.4793666923941525
15.72,0.486071062880264
15.73,0.4927537340278432
15.74,0.4994147058368899
15.75,0.5060550899650492
15.76,0.5126825750221374
15.77,0.5192973751527571
15.780000000000001,0.5258994903569081
15.790000000000001,0.5325088941983311
15.8,0.5391997111693991
15.81,0.5459719412701121
15.82,0.5528255845004697
15.83,0.559745621663675
15.84,0.5667026242852394
15.85,0.5736662880264403
15.860000000000001,0.5806308599624502
15.870000000000001,0.587578041946937
15.88,0.5944972113843039
15.89,0.601382395317893
15.9,0.6082206185811894
15.91,0.6149850304409149
15.92,0.6216974347199938
15.93,0.6283578314184262
15.94,0.6349662205362118
15.950000000000001,0.6415331606452964
15.96,0.6480546159462469
15.97,0.654530586439063
15.98,0.6609610721237451
15.99,0.6673624840721273
16.0,0.6737336103908891
16.01,0.6800744510800308
16.02,0.6863850061395522
16.03,0.6926556842957888
16.04,0.6988879744589865
16.05,0.7050818766291457
16.06,0.7112426274058049
16.07,0.7173802774626785
16.080000000000002,0.7234948267997665
16.09,0.7295862754170687
16.1,0.7356689888234378
16.11,0.7417900419132077
16.12,0.7479494346863788
16.13,0.7541471671429505
16.14,0.7603728771119336
16.15,0.7665984799442702
16.16,0.7728224846902394
16.17,0.7790448913498413
16.18,0.7852796050941471
16.19,0.7915199605596431
16.2,0.7977542255424639
16.21,0.8039824000426092
16.22,0.8101299067735152
16.23,0.8162126295606804
16.240000000000002,0.8222306901757722
16.25,0.8281840886187904
16.26,0.8340813722636533
16.27,0.8399607525697601
16.28,0.8458222295371106
16.29,0.8516658031657052
16.3,0.8574925567894363
16.31,0.8632925398475846
16.32,0.8690657523401499
16.330000000000002,0.8748121942671329
16.34,0.8805402587317872
16.35,0.8862634120690214
16.36,0.8919816542788354
16.37,0.8976949853612295
16.38,0.9033943959728254
16.39,0.9090642366468178
16.4,0.9147045073832064
16.41,0.9203152081819915
16.42,0.925948533406236
16.43,0.9316127747279064
16.44,0.9373079321470026
16.45,0.9430319592235732
16.46,0.9487660181184137
16.47,0.9544801448447423
16.48,0.9601743394025603
16.490000000000002,0.9658518198490575
16.5,0.9715189329913807
16.51,0.9771656470144002
16.52,0.9827919619181165
16.53,0.9883406028649
16.54,0.9937843832490417
16.55,0.9991262511550998
16.56,1.0043662065830745
16.57,1.0095042495329651
16.580000000000002,1.014576095447747
16.59,1.0196098573016341
16.6,1.0246055350946275
16.61,1.0295631288267264
16.62,1.0344570824162336
16.63,1.0392872497203605
16.64,1.0440536307391075
16.65,1.0487582719124264
16.66,1.0534192118948487
16.67,1.0580394422838335
16.68,1.0626189630793796
16.69,1.067154556224297
16.7,1.0716446626563245
16.71,1.0760920417152253
16.72,1.0804966934009994
16.73,1.0849158215965795
16.740000000000002,1.0893675365572635
16.75,1.0938518382830509
16.76,1.0983687267739417
16.77,1.102916648782109
16.78,1.1074490028704898
16.79,1.1119344212731144
16.8,1.116372903989983
16.81,1.1207636166660637
16.82,1.125153248535614
16.830000000000002,1.129542380714419
16.84,1.1339310132024787
16.85,1.138275775692842
16.86,1.1425516570428274
16.87,1.1467556656549758
16.88,1.1508878015292876
16.89,1.1549480646657626
16.9,1.1589752954407015
16.91,1.1629813233699227
16.92,1.1669661484534264
16.93,1.170915979578123
16.94,1.174823574594125
16.95,1.178688933501432
16.96,1.1825120563000442
16.97,1.1862787654995393
16.98,1.1899897276128333
16.990000000000002,1.1936449426399267
17.0,1.1972444105808193
17.01,1.2007907513824176
17.02,1.2042855526702168
17.03,1.2077288144442164
17.04,1.2111174536812095
17.05,1.214484551849274
17.06,1.2178478882271344
17.07,1.221207462814791
17.080000000000002,1.2245648911044618
17.09,1.227921630117339
17.1,1.2312315780560072
17.11,1.234478193979241
17.12,1.2376445200944217
17.13,1.240744418469335
17.14,1.2437961766720158
17.150000000000002,1.2467898993197146
17.16,1.2497106395349216
17.17,1.2525741280558864
17.18,1.2553856885360881
17.19,1.2581488290354195
17.2,1.2609028322618347
17.21,1.2636459126234594
17.22,1.266373570971966
17.23,1.2690705222399306
17.240000000000002,1.2717398494505605
17.25,1.274391532445733
17.26,1.2770241799760647
17.27,1.2796377920415554
17.28,1.2822261946584232
17.29,1.2847817003994504
17.3,1.287304309264636
17.31,1.2897800038517642
17.32,1.2922215777555817
17.330000000000002,1.294627218246132
17.34,1.2969816006609989
17.35,1.2992946203829328
17.36,1.3015707169601338
17.37,1.3037967700348507
17.38,1.305972779607084
17.39,1.3080910515476016
17.400000000000002,1.310107866643334
17.41,1.3120232248942807
17.42,1.3138250982412347
17.43,1.3155271722254116
17.44,1.3171276666947032
17.45,1.318613425841182
17.46,1.3199858409142307
17.47,1.3212449119138499
17.48,1.322387261970372
17.490000000000002,1.323417576661679
17.5,1.3243333829752297
17.51,1.3251408178461248
17.52,1.3258440454722369
17.53,1.3264387192248437
17.54,1.3269336885820109
17.55,1.3273289535437387
17.56,1.3276255416096636
17.57,1.3278336157485158
17.580000000000002,1.3279531759602938
17.59,1.3279727394978493
17.6,1.3278957195483165
17.61,1.3277176701920441
17.62,1.327442297726388
17.63,1.3270712016775565
17.64,1.3265967301079784
17.650000000000002,1.3260270053773502
17.66,1.3253620274856714
17.67,1.324590766467369
17.68,1.3237206275999254
17.69,1.3227502449113346
17.7,1.3216634479962746
17.71,1.3204700694075036
17.72,1.3191664315734366
17.73,1.3177546624807435
17.740000000000002,1.3162412373137742
17.75,1.3146131679877706
17.76,1.3128729510842363
17.77,1.3110235439921927
17.78,1.3090602778587075
17.79,1.3069985299105695
17.8,1.3048394085929287
17.81,1.3025885508892239
17.82,1.3002584398550803
17.830000000000002,1.2978490754904972
17.84,1.2953328013529988
17.85,1.2927115912410376
17.86,1.2899852004116128
17.87,1.2871639567409499
17.88,1.2842483903127984
17.89,1.281229810360036
17.900000000000002,1.2781110327122958
17.91,1.2748920573695783
17.92,1.2715815798963503
17.93,1.268185044391505
17.94,1.2647024508550422
17.95,1.2611337651866559
17.96,1.2574841238386907
17.97,1.2537535268111466
17.98,1.2499180392932152
17.990000000000002,1.2459776858291969
18.0,1.2419250109311508
18.01,1.2377396863265895
18.02,1.233421712015513
18.03,1.2289752275918138
18.04,1.2244392804332445
18.05,1.2198172391865802
18.06,1.2151321446363765
18.07,1.2103879761232326
18.080000000000002,1.2055847336471481
18.09,1.200692659169948
18.1,1.1957015835827909
18.11,1.1906115068856764
18.12,1.1854007554237485
18.13,1.1800667307745334
18.14,1.1746106403511973
18.150000000000002,1.1690484964730037
18.16,1.1633821459357756
18.17,1.1576025508294503
18.18,1.1517293145281757
18.19,1.1457627040773506
18.2,1.1396888756661754
18.21,1.1335203127270312
18.22,1.1272585086970262
18.23,1.120908898707517
18.240000000000002,1.114469523912907
18.25,1.1079475398233731
18.26,1.1013345325004553
18.27,1.0946272246929023
18.28,1.0878323633299944
18.29,1.0810116422567169
18.3,1.074191058170141
18.31,1.0673706110702676
18.32,1.0605587702945423
18.330000000000002,1.0537544701419341
18.34,1.046956503199277
18.35,1.0401614049803132
18.36,1.0333681459102668
18.37,1.0265857638992009
18.38,1.0198232592367091
18.39,1.0130452437476882
18.400000000000002,1.0062610160181997
18.41,0.9994772298245627
18.42,0.9926597837431353
18.43,0.9857708283847785
18.44,0.978810363749492
18.45,0.971811766607025
18.46,0.964778591214795
18.47,0.9577108375728022
18.48,0.9505895657614392
18.490000000000002,0.9433684687135859
18.5,0.9360475464292426
18.51,0.9286284048096723
18.52,0.9211264250873785
18.53,0.913543858658981
18.54,0.9058807055244799
18.55,0.8981706477379212
18.56,0.8904182144424568
18.57,0.8826234056380875
18.580000000000002,0.8747715631019444
18.59,0.866846816517171
18.6,0.8588610814692773
18.61,0.850813991843823
18.62,0.8427283776509384
18.63,0.8346325135545131
18.64,0.8265263995545473
18.650000000000002,0.8183797486634035
18.66,0.8101763183514317
18.67,0.8019161086186315
18.68,0.7935955556034991
18.69,0.7852264501655052
18.7,0.7768087923046496
18.71,0.7683368523552512
18.72,0.7597956696579471
18.73,0.7511852442127374
18.740000000000002,0.7425065577221601
18.75,0.7337307977875226
18.76,0.7248544648404488
18.77,0.7158775588809386
18.78,0.7067635849803923
18.79,0.6975594592797344
18.8,0.6882651817789653
18.81,0.6789445581649602
18.82,0.6696105023397824
18.830000000000002,0.6602630143034315
18.84,0.6509002824865441
18.85,0.6415101885533867
18.86,0.6320910386730978
18.87,0.6226421666295465
18.88,0.6131097787821111
18.89,0.6035080570989019
18.900000000000002,0.5938370015799187
18.91,0.584135179600888
18.92,0.5744122384007533
18.93,0.5646681779795151
18.94,0.5548955075222537
18.95,0.5450858761348302
18.96,0.5352392838172444
18.97,0.5253597701441979
18.98,0.5155064736268833
18.990000000000002,0.5056837366163351
19.0,0.4958915591125537
19.01,0.48594932229754406
19.02,0.47584684131533717
19.03,0.4656085824075489
19.04,0.45532642057756184
19.05,0.4450022288688197
19.06,0.43463600728132246
19.07,0.42425047168437563
19.080000000000002,0.41391946487054715
19.09,0.40364298683983746
19.1,0.3933965854452494
19.11,0.3830738010786362
19.12,0.3726727522524419
19.13,0.36222488190662505
19.14,0.35182634811067703
19.150000000000002,0.3414811064554431
19.16,0.3311891569409237
19.17,0.3209199607706391
19.18,0.3106330863041886
19.19,0.30032853354157196
19.2,0.2900020522733352
19.21,0.279715762513259
19.22,0.26947671319165273
19.23,0.25926152948279546
19.240000000000002,0.24900327298381547
19.25,0.23870194369471295
19.26,0.22835754161548777
19.27,0.21806643736049672
19.28,0.20783934002805862
19.29,0.19767624961817348
19.3,0.18760161827783833
19.31,0.17766412517576807
19.32,0.16785467815085026
19.330000000000002,0.15814183426312617
19.34,0.14843594455548553
19.35,0.13881914837926912
19.36,0.12930343310150466
19.37,0.11991529794396998
19.38,0.11068718918734186
19.39,0.10161694357191202
19.400000000000002,0.09258390562959601
19.41,0.08364313459217351
19.42,0.07479463045964416
19.43,0.06636116728889717
19.44,0.05868121548338666
19.45,0.05175477504311236
19.46,0.04558184596807455
19.47,0.040049977775596664
19.48,0.03515348522261945
19.490000000000002,0.03089236830914275
19.5,0.027266627035166642
19.51,0.024310039740693144
19.52,0.022040703103332664
19.53,0.020458617123085436
19.54,0.01956378179995122
19.55,0.019259452174146912
19.56,0.019532726664894598
19.57,0.020383605272194315
19.580000000000002,0.02181370639786608
19.59,0.02384019574710773
19.6,0.026587978997457483
19.61,0.03005705614891508
19.62,0.03423918675833401
19.63,0.0388030602515908
19.64,0.04338708119408439
19.650000000000002,0.047991249585814855
19.66,0.052583524811862126
19.67,0.05714563404035894
19.68,0.06166826111593017
19.69,0.06615140603857589
19.7,0.07059565755707778
19.71,0.07500602127621545
19.72,0.07937349267949102
19.73,0.0836980717669045
19.740000000000002,0.08797975853845595
19.75,0.09221983463111919
19.76,0.09641539696376558
19.77,0.10056644553639518
19.78,0.10467136194718789
19.79,0.10872041419135847
19.8,0.11273780874726731
19.81,0.11672354561491453
19.82,0.1206858652374467
19.830000000000002,0.12462828584357337
19.84,0.12854069768430962
19.85,0.1324231007596555
19.86,0.1363075356845309
19.87,0.14020823517883585
19.88,0.14413521185630165
19.89,0.14808846571692832
19.900000000000002,0.15206740801193427
19.91,0.15605608950510735
19.92,0.16005347687986415
19.93,0.16405957013620456
19.94,0.1680743692741286
19.95,0.1720999561341407
19.96,0.17612902231364946
19.97,0.18016156781265497
19.98,0.18419759263115715
19.990000000000002,0.18822816374713958
20.0,0.1922181216999609
20.01,0.1961674664896211
20.02,0.20007619811612032
20.03,0.20394824345208845
20.04,0.20782092790051881
20.05,0.2117077532398628
20.06,0.21560871947012053
20.07,0.21952189691840465
20.080000000000002,0.22342714859527918
20.09,0.22732443407328895
20.1,0.23121375335243402
20.11,0.2350954973587478
20.12,0.23897016971305737
20.13,0.24283777041536264
20.14,0.24669829946566363
20.150000000000002,0.25055965239478395
20.16,0.254427667813269
20.17,0.25830234572111893
20.18,0.26218368611833354
20.19,0.26607813465835817
20.2,0.2699993972333619
20.21,0.2739474738433447
20.22,0.2779223644883067
20.23,0.2819108668174112
20.240000000000002,0.2858826523239094
20.25,0.28982421922934987
20.26,0.29373556753373253
20.27,0.29761163332866636
20.28,0.3014618829814392
20.29,0.3052863569195063
20.3,0.3090850551428675
20.31,0.31284858235280627
20.32,0.3165768107977639
20.330000000000002,0.32026974047774065
20.34,0.32392737139273625
20.35,0.3275416280636658
20.36,0.3311155540480167
20.37,0.3346491493457888
20.38,0.33814241395698214
20.39,0.3416070816835089
20.400000000000002,0.34505781823817927
20.41,0.34849462362099304
20.42,0.3519174978319505
20.43,0.3553317012585857
20.44,0.3587393717502037
20.45,0.3621405093068044
20.46,0.3655324470967459
20.47,0.36890960878839574
20.48,0.37227265239017054
20.490000000000002,0.3756215779020705
20.5,0.37896152323947463
20.51,0.38231660717770366
20.52,0.38568748716407286
20.53,0.38907416319858207
20.54,0.39246285219942967
20.55,0.3958615924884514
20.56,0.39927262759508453
20.57,0.4026959618913214
20.580000000000002,0.4061316718941435
20.59,0.4095652407295057
20.6,0.4129792497747096
20.61,0.4163554980309184
20.62,0.4196664940334599
20.63,0.4229201797456361
20.64,0.42611753017088266
20.650000000000002,0.4292585453091995
20.66,0.4323601708448903
20.67,0.43544853990254095
20.68,0.43852365248215114
20.69,0.44158550858372125
20.7,0.44462633233845306
20.71,0.44763029515727915
20.72,0.4505973970401994
20.73,0.45352763798721396
20.740000000000002,0.4564286578472146
20.75,0.4593034309174975
20.76,0.46215195719806273
20.77,0.4649729313727969
20.78,0.467759784228143
20.79,0.4705125157641013
20.8,0.4732311259806716
20.81,0.47593553489562873
20.82,0.47865679724998805
20.830000000000002,0.48139491304374965
20.84,0.48414988227691336
20.85,0.4869138565730983
20.86,0.48967023766918266
20.87,0.4924035326806039
20.88,0.49511352194528613
20.89,0.4977970335093655
20.900000000000002,0.5004567053262613
20.91,0.5030937537019572
20.92,0.5056942463177923
20.93,0.5082359073563837
20.94,0.5107248800506416
20.95,0.5131615738606594
20.96,0.5155459887864372
20.97,0.5178894088279299
20.98,0.5202185015647287
20.990000000000002,0.5225332669968337
21.0,0.5248337051242447
21.01,0.5271137495375735
21.02,0.5293682640913767
21.03,0.5315972487856542
21.04,0.5337996601990003
21.05,0.5359749212657707
21.06,0.5381253513964256
21.07,0.5402509505909652
21.080000000000002,0.5423508578400486
21.09,0.544426205073008
21.1,0.5464769922898435
21.11,0.548503219490555
21.12,0.5505136664458832
21.13,0.5525283210799613
21.14,0.5545471833927895
21.150000000000002,0.5565702458090589
21.16,0.5585872651477167
21.17,0.5605882583529289
21.18,0.5625530505416798
21.19,0.5644817428582123
21.2,0.56637496817957
21.21,0.5682370738962033
21.22,0.5700696328772124
21.23,0.5718574363357029
21.240000000000002,0.5735917744685978
21.25,0.5752810727179223
21.26,0.5769253310836766
21.27,0.5785245495658606
21.28,0.5800872784576758
21.29,0.5816163153116314
21.3,0.5831116601277271
21.31,0.5845725740481191
21.32,0.5860005014148665
21.330000000000002,0.5873977301212183
21.34,0.5887642601671746
21.35,0.5900929156498198
21.36,0.5913869039871478
21.37,0.5926462251791587
21.38,0.5938708792258522
21.39,0.5950618304331634
21.400000000000002,0.5962243319604527
21.41,0.59735838380772
21.42,0.5984639859749654
21.43,0.5995471076712185
21.44,0.6006151708319629
21.45,0.6016681754571984
21.46,0.6027058503435361
21.47,0.6037204020774503
21.48,0.6047043610371572
21.490000000000002,0.6056569696946786
21.5,0.6065780143752534
21.51,0.6074644711499819
21.52,0.6083200482247257
21.53,0.609144745599485
21.54,0.6099333073397377
21.55,0.6106850023742105
21.56,0.6114068664659614
21.57,0.6120988996149906
21.580000000000002,0.6127611018212982
21.59,0.6133921715015583
21.6,0.6139856073516028
21.61,0.6145414093714316
21.62,0.6150595775610448
21.63,0.6155433769381957
21.64,0.6159928628290164
21.650000000000002,0.6164080352335068
21.66,0.6167891653550563
21.67,0.6171389255149523
21.68,0.6174557114415259
21.69,0.6177395231347771
21.7,0.6179905742694671
21.71,0.6182066203988432
21.72,0.6183864734522764
21.73,0.6185301334297668
21.740000000000002,0.6186418970168883
21.75,0.6187242501522134
21.76,0.6187771928357424
21.77,0.618800725067475
21.78,0.6187926189373993
21.79,0.6187478438735055
21.8,0.6186670151435572
21.81,0.6185501327475547
21.82,0.61839342133319
21.830000000000002,0.61820023220023
21.84,0.617972841311542
21.85,0.6177112486671261
21.86,0.617417149378749
21.87,0.6170960563894543
21.88,0.6167495739709106
21.89,0.616377702123118
21.900000000000002,0.6159804408460767
21.91,0.6155504100165664
21.92,0.6150839868865183
21.93,0.6145811714559328
21.94,0.6140422056963499
21.95,0.6134682653235697
21.96,0.6128593503375922
21.97,0.6122154607384174
21.98,0.6115355319171636
21.990000000000002,0.6108190401919279
22.0,0.6100659855627102
22.01,0.6092763680295107
22.02,0.6084509243016872
22.03,0.6075909230678341
22.04,0.6066963643279515
22.05,0.6057672480820393
22.06,0.6047955450875986
22.07,0.6037795323443249
22.080000000000002,0.602719209852218
22.09,0.6016145776112782
22.1,0.6004571378845354
22.11,0.5992600725171576
22.12,0.598028192327843
22.13,0.5967601779955592
22.14,0.595451109670429
22.150000000000002,0.5941052402475779
22.16,0.5927225697270061
22.17,0.5913056141793315
22.18,0.5898617554019567
22.19,0.588396783781943
22.2,0.5869106993192905
22.21,0.585403502013999
22.22,0.5838625985331556
22.23,0.5822877009882099
22.240000000000002,0.5806788093791623
22.25,0.5790359237060125
22.26,0.5773587213921674
22.27,0.575648137905808
22.28,0.5739041732469351
22.29,0.5721268274155482
22.3,0.570306140431718
22.31,0.5684421165550869
22.32,0.5665347557856548
22.330000000000002,0.5645813177444061
22.34,0.5625817270402851
22.35,0.5605359836732917
22.36,0.5584440876434262
22.37,0.5563109323936537
22.38,0.5541332510658872
22.39,0.5519110436601268
22.400000000000002,0.5496443101763722
22.41,0.5473150304183599
22.42,0.5449374970477905
22.43,0.5425133525249639
22.44,0.540043849556053
22.45,0.5375318196120535
22.46,0.5349839194002912
22.47,0.5324005446020833
22.48,0.5297856704066322
22.490000000000002,0.5271458116068242
22.5,0.5244994259195593
22.51,0.5218467145967429
22.52,0.519187677638375
22.53,0.5165004775538544
22.54,0.5137885810652361
22.55,0.51105198817252
22.56,0.5082918745117755
22.57,0.5055128947193924
22.580000000000002,0.5027142263749483
22.59,0.49989586947844344
22.6,0.4970578240298778
22.61,0.494195593056181
22.62,0.4913016754523702
22.63,0.4883760712184456
22.64,0.4854175276482343
22.650000000000002,0.48241058257218716
22.66,0.4793549976623681
22.67,0.476250772918777
22.68,0.47309055023957935
22.69,0.46986191626780843
22.7,0.4665648710034641
22.71,0.4631994144465466
22.72,0.45976840176167044
22.73,0.4562984829750635
22.740000000000002,0.4527919038830112
22.75,0.44924850128920096
22.76,0.44566038063753455
22.77,0.4420154777780393
22.78,0.43831379271071524
22.79,0.43456457373819674
22.8,0.4307932104343505
22.81,0.42702221996851053
22.82,0.4232604427598224
22.830000000000002,0.41950787880828583
22.84,0.4157376336809665
22.85,0.411943432868682
22.86,0.40812551469936836
22.87,0.40428387917302555
22.88,0.4004037377494353
22.89,0.39648682083729864
22.900000000000002,0.39253312843661575
22.91,0.38854309845463153
22.92,0.3845148599079139
22.93,0.38044765996088437
22.94,0.37634149861354266
22.95,0.3722103350655731
22.96,0.3680670755664297
22.97,0.36391172011611245
22.98,0.3597442687146213
22.990000000000002,0.35554198408440735
23.0,0.3512717530377155
23.01,0.3469335755745456
23.02,0.34252745169489784
23.03,0.33804673055945295
23.04,0.33351727843002554
23.05,0.3289580005143512
23.06,0.32436932292890663
23.07,0.3197538969414949
23.080000000000002,0.31512989400496627
23.09,0.3105014822746998
23.1,0.30588462166345887
23.11,0.3013185220014521
23.12,0.29680219910749644
23.13,0.292335652981592
23.14,0.2879188836237387
23.150000000000002,0.2835284439782879
23.16,0.2791126133276217
23.17,0.27467139167173993
23.18,0.27020477901064266
23.19,0.26572309045910547
23.2,0.26121995065131437
23.21,0.25669535958726947
23.22,0.25214931726697065
23.23,0.2475935261036283
23.240000000000002,0.24303630750112895
23.25,0.2384776614594728
23.26,0.233917161862183
23.27,0.22934353206008723
23.28,0.22474329811121424
23.29,0.22011646001556406
23.3,0.21544705786037333
23.31,0.21068976622329377
23.32,0.2058416823063916
23.330000000000002,0.20090280610966657
23.34,0.19587345435809342
23.35,0.19078395990544822
23.36,0.1856798561399236
23.37,0.18056114306151955
23.38,0.17542753536198571
23.39,0.17027338824465885
23.400000000000002,0.1651128006892414
23.41,0.15994577269573346
23.42,0.15478241527272038
23.43,0.14967026980582382
23.44,0.14460204306227692
23.45,0.13957773504207974
23.46,0.13459734574523224
23.47,0.12966554588780002
23.48,0.12471075678248149
23.490000000000002,0.11973297842927663
23.5,0.11473221082818566
23.51,0.10972104116534206
23.52,0.10470941306270094
23.53,0.09969732652026227
23.54,0.09468446481305151
23.55,0.08963940229013413
23.56,0.08455859372256729
23.57,0.0794420391103512
23.580000000000002,0.07431413660344259
23.59,0.06928384306468402
23.6,0.06435115849407537
23.61,0.05951608289161665
23.62,0.05491441621443325
23.63,0.050587943319509075
23.64,0.04653666420684424
23.650000000000002,0.04276057887643868
23.66,0.03925856748286027
23.67,0.036034214849984286
23.68,0.03317257360708349
23.69,0.03067364375415793
23.7,0.02854507806146136
23.71,0.026782053918652717
23.72,0.025377530501710904
23.73,0.024324626990248403
23.740000000000002,0.023603633922907992
23.75,0.02322529514912549
23.76,0.0231931558978436
23.77,0.0235072161690622
23.78,0.02414842703246989
23.79,0.025032843427665402
23.8,0.026160465354648815
23.81,0.027531292813420073
23.82,0.028993642051655843
23.830000000000002,0.03045142407702759
23.84,0.03190463888953525
23.85,0.0333521986077112
23.86,0.03478762060852927
23.87,0.036211274733418036
23.88,0.037623160982377495
23.89,0.03902391795550751
23.900000000000002,0.04041045162518403
23.91,0.041780675100509077
23.92,0.04313458838148271
23.93,0.04445900696210826
23.94,0.04576027769878468
23.95,0.04703840059151197
23.96,0.048293375640290126
23.97,0.04955581438277466
23.98,0.05082930264055356
23.990000000000002,0.0520976472679878
24.0,0.053360848265077324
24.01,0.054604159486205464
24.02,0.05582648935334631
24.03,0.05702954904233176
24.04,0.0582133385531618
24.05,0.059341861300209645
24.060000000000002,0.06041743767317244
24.07,0.06144006767205018
24.080000000000002,0.0624097512968429
24.09,0.06332584994745069
24.1,0.06408707147276044
24.11,0.06468254091775238
24.12,0.06511225828242648
24.13,0.06539955987672283
24.14,0.06558483265023982
24.150000000000002,0.06566807660297742
24.16,0.06564929173493568
24.17,0.06545080253337315
24.18,0.06493150930945804
24.19,0.0640914120631902
24.2,0.06293051079456978
24.21,0.06151919887917902
24.22,0.06024625732988433
24.23,0.05911168614668566
24.240000000000002,0.05811548532958307
24.25,0.05724281143937341
24.26,0.056331162149462766
24.27,0.05538053745985113
24.28,0.0543909373705385
24.29,0.053267981951526766
24.3,0.051969062149129996
24.310000000000002,0.05050505291836797
24.32,0.048875954259240795
24.330000000000002,0.04733429198190269
24.34,0.04600639353831855
24.35,0.0448922589284884
24.36,0.04399188815241219
24.37,0.04325800051366695
24.38,0.04277433776663424
24.39,0.042540899911314156
24.400000000000002,0.04255768694770661
24.41,0.042769051645846004
24.42,0.04281482442767407
24.43,0.04270172834437479
24.44,0.04242976339594811
24.45,0.042050857488691654
24.46,0.041725020393800695
24.47,0.04144251521563964
24.48,0.04120334195420848
24.490000000000002,0.04110188053950535
24.5,0.04127006801978467
24.51,0.041705508986909716
24.52,0.04240820344088041
24.53,0.043120161744818544
24.54,0.04365632895964158
24.55,0.04401670508534945
24.560000000000002,0.04420129012194222
24.57,0.04431112109236558
24.580000000000002,0.044455054545392544
24.59,0.04463309048102308
24.6,0.044845228899257204
24.61,0.045077586570547626
24.62,0.045277050170063664
24.63,0.04543689664662139
24.64,0.045557126000220806
24.650000000000002,0.045647059938755216
24.66,0.045721447376921825
24.67,0.04579002521035625
24.68,0.04585279343905847
24.69,0.04588110636403253
24.7,0.04587138500828396
24.71,0.04582602477994943
24.72,0.04574502567902898
24.73,0.04564816746768952
24.740000000000002,0.04561908634062743
24.75,0.0456577822978427
24.76,0.04576425533933534
24.77,0.0459318131136685
24.78,0.04604831013231763
24.79,0.04610940397880136
24.8,0.04611509465311967
24.810000000000002,0.046089130939143394
24.82,0.0460924302833459
24.830000000000002,0.04612499268572718
24.84,0.04618681814628723
24.85,0.04624562010177791
24.86,0.0462510667803175
24.87,0.046203158181906
24.88,0.04610189430654342
24.89,0.04600863265793728
24.900000000000002,0.04598376215473083
24.91,0.04602728279692407
24.92,0.046139194584517
24.93,0.04628103058307483
24.94,0.04638232319109423
24.95,0.0464430724085752
24.96,0.04646327823551775
24.97,0.04645713333329309
24.98,0.04648215431272954
24.990000000000002,0.04654268359030847
25.0,0.04663872116602989
25.01,0.04675026511289464
25.02,0.046843883423536584
25.03,0.04691957609795572
25.04,0.04697734313615204
25.05,0.047040149393480404
25.060000000000002,0.047151365961128205
25.07,0.04731099515790326
25.080000000000002,0.04751903698380555
25.09,0.04774272966356753
25.1,0.047931842158876414
25.11,0.048086374469732206
25.12,0.0482063265961349
25.13,0.04831251925920855
25.14,0.048423044028444454
25.150000000000002,0.048537900903842614
25.16,0.04865708988540303
25.17,0.04876526053036502
25.18,0.048854778708739756
25.19,0.04892564442052724
25.2,0.04897785766572748
25.21,0.049023536097910735
25.22,0.049069134540397685
25.23,0.04911465299318832
25.240000000000002,0.04916009145628264
25.25,0.049189627134621626
25.26,0.049197363949739475
25.27,0.049183299582828396
25.28,0.049147434033888396
25.29,0.04913124728109437
25.3,0.04915242622866718
25.310000000000002,0.049210970876606835
25.32,0.04930688122491331
25.330000000000002,0.049417573912971004
25.34,0.049536210323710736
25.35,0.04966279045713252
25.36,0.049797314313236335
25.37,0.04994093967341165
25.38,0.05005422913563971
25.39,0.050072296086657184
25.400000000000002,0.04999514052646407
25.41,0.04982078117416573
25.42,0.04965418412655161
25.43,0.049536933117815304
25.44,0.049469028147956826
25.45,0.04946629201203519
25.46,0.04951713559052705
25.47,0.04958920346803675
25.48,0.049682495644564284
25.490000000000002,0.04975558211249075
25.5,0.04979160247817415
25.51,0.04969710480206047
25.52,0.04945514273745365
25.53,0.049088358939281235
25.54,0.04862698050448373
25.55,0.04822637122995044
25.560000000000002,0.04788653111568138
25.57,0.0476074601616765
25.580000000000002,0.0474268731181032
25.59,0.047347808779203346
25.6,0.04737026714497695
25.61,0.04749424821542395
25.62,0.04761228462095818
25.63,0.04768561666130621
25.64,0.04771424433646803
25.650000000000002,0.047698167646443655
25.66,0.047654858189379076
25.67,0.047611541337928595
25.68,0.047564316205758767
25.69,0.047513182792869604
25.7,0.047458141099261095
25.71,0.047492643064487236
25.72,0.04764302057721456
25.73,0.04791299097382166
25.740000000000002,0.04827960875423033
25.75,0.04858751012155127
25.76,0.04882543978684585
25.77,0.048992432690889105
25.78,0.04909232614591173
25.79,0.04918702496426207
25.8,0.0492815386314303
25.810000000000002,0.04937586714741643
25.82,0.04946993777725038
25.830000000000002,0.049560926487011984
25.84,0.04963904829084979
25.85,0.04969930101727398
25.86,0.049741684666284584
25.87,0.04977132928062293
25.88,0.049824159480492784
25.89,0.04991045769393413
25.900000000000002,0.05003022392094695
25.91,0.05018345816153125
25.92,0.050342052697984585
25.93,0.05049935505870695
25.94,0.05065536524369836
25.95,0.05080935262504047
25.96,0.05076088040747745
25.97,0.05051091365023429
25.98,0.05005945235331107
25.990000000000002,0.04941635551597864
26.0,0.048821079767134054
26.01,0.04827362510677732
26.02,0.047773991534908425
26.03,0.04732217905152739
26.04,0.046927972642485646
26.05,0.04656392972863223
26.060000000000002,0.04622465696198462
26.07,0.045910154342542836
26.080000000000002,0.04558839813643654
26.09,0.04524530127526342
26.1,0.044880725314554906
26.11,0.044494670254311024
26.12,0.04410538958667182
26.13,0.043713720056141936
26.14,0.043319661662721394
26.150000000000002,0.04292394503432849
26.16,0.04273729084882898
26.17,0.04275840970985615
26.18,0.04298730161740993
26.19,0.04341405057889261
26.2,0.043793525897981064
26.21,0.04412507171845884
26.22,0.044408688040325925
26.23,0.044644374863582324
26.240000000000002,0.04483131934246897
26.25,0.045001528835735376
26.26,0.045160396691364055
26.27,0.045307922909355015
26.28,0.045443547968657946
26.29,0.04557076106074879
26.3,0.0456897006300961
26.310000000000002,0.04580036667669988
26.32,0.04590266036989754
26.330000000000002,0.04599818108828717
26.34,0.046086928831868726
26.35,0.04616890360064224
26.36,0.04624507680093642
26.37,0.04631670522583063
26.38,0.04638373916622239
26.39,0.046446178622111686
26.400000000000002,0.046504688175434385
26.41,0.046559830077556194
26.42,0.04661124011633287
26.43,0.04665891829176443
26.44,0.046703677449609945
26.45,0.04674158133701749
26.46,0.04674740436629399
26.47,0.04672114653743946
26.48,0.04666336737150419
26.490000000000002,0.04657597604294027
26.5,0.04652134353781583
26.51,0.04649946985613089
26.52,0.046510922512139945
26.53,0.046551175075357845
26.54,0.04657555562015013
26.55,0.04658406414651678
26.560000000000002,0.04657670065445781
26.57,0.046557403327018375
26.580000000000002,0.04655561906982185
26.59,0.04657134788286822
26.6,0.0466045897661575
26.61,0.04663531994485019
26.62,0.046627789502527904
26.63,0.04658199843919065
26.64,0.0464979467548384
26.650000000000002,0.046408925415097446
26.66,0.04638028505980894
26.67,0.046412025688972874
26.68,0.04650414730258924
26.69,0.046655056175092385
26.7,0.04680068631985988
26.71,0.04691105160921939
26.72,0.046986152043170915
26.73,0.047031013064318346
26.740000000000002,0.047094196098597926
26.75,0.04718682954904646
26.76,0.04730891341566395
26.77,0.04745654211869259
26.78,0.04759633521485038
26.79,0.047721296110430834
26.8,0.04783142480543397
26.810000000000002,0.04794683967955003
26.82,0.048101202547907056
26.830000000000002,0.0482921383936305
26.84,0.048519647216720384
26.85,0.04875481169629359
26.86,0.04894938688049315
26.87,0.04909869552624778
26.88,0.049202737633557474
26.89,0.04926151320242223
26.900000000000002,0.04930169998332397
26.91,0.049376671902737077
26.92,0.049486428960661556
26.93,0.0496309711570974
26.94,0.04979308916528078
26.95,0.04995028698301843
26.96,0.05010256461031034
26.97,0.0502499220471565
26.98,0.05030638505743643
26.990000000000002,0.05019511149143665
27.0,0.04991610134915721
27.01,0.04946935463059806
27.02,0.048857322649193846
27.03,0.04819591327436397
27.04,0.04763946961910054
27.05,0.0471879916834036
27.060000000000002,0.046849599366982034
27.07,0.04657723681554294
27.080000000000002,0.04633131081098075
27.09,0.04611182135329545
27.1,0.045893785692559405
27.11,0.045652253551790194
27.12,0.04538566321511078
27.13,0.04509401468252118
27.14,0.04479062778048343
27.150000000000002,0.0444847581262864
27.16,0.04417562527449263
27.17,0.04386322922510217
27.18,0.0436375274609966
27.19,0.043581401248263395
27.2,0.04369446195415295
27.21,0.0439767095786653
27.22,0.04442814412180039
27.23,0.044933902918234334
27.240000000000002,0.04533952520711091
27.25,0.045645010988430046
27.26,0.04585033678224097
27.27,0.046006029707450394
27.28,0.04615168298216389
27.29,0.04628729660638147
27.3,0.04641287058010313
27.310000000000002,0.04652916121139087
27.32,0.04663753384582346
27.330000000000002,0.0467379884834009
27.34,0.046830525124123175
27.35,0.04691725574985793
27.36,0.046998424228835
27.37,0.04707401922539465
27.38,0.04714404073953689
27.39,0.047209446248594196
27.400000000000002,0.04727062438531612
27.41,0.04732762822091027
27.42,0.04738046347567233
27.43,0.04743045996238133
27.44,0.047477707514147385
27.45,0.04752156263497372
27.46,0.047562048804811144
27.47,0.04760037200211711
27.48,0.04763653222689162
27.490000000000002,0.047670529479134686
27.5,0.047702412810006076
27.51,0.047732989647986036
27.52,0.047762456363372834
27.53,0.04779071985432667
27.54,0.04781747256460629
27.55,0.04784271449421171
27.560000000000002,0.047866982220350504
27.57,0.04789028707868242
27.580000000000002,0.04790908994050177
27.59,0.04792197466861113
27.6,0.04792894126301049
27.61,0.04792993665249228
27.62,0.04793186273991841
27.63,0.04793751283389229
27.64,0.047946914749167915
27.650000000000002,0.04796071198174208
27.66,0.04797890453161476
27.67,0.04800106486322438
27.68,0.048015461938802115
27.69,0.04802209575834796
27.7,0.04802091727070216
27.71,0.048011925217502825
27.72,0.048006920542244216
27.73,0.04800861341130995
27.740000000000002,0.04801731138094127
27.75,0.04803301445113819
27.76,0.04804020836178079
27.77,0.04801830594508231
27.78,0.047970846329748414
27.79,0.04789924565297654
27.8,0.047845127599243635
27.810000000000002,0.04784214381871173
27.82,0.04788338668822317
27.830000000000002,0.047966062899174586
27.84,0.04805883918612354
27.85,0.048151023790377195
27.86,0.04824261671193556
27.87,0.048334045486360215
27.88,0.04839175192095462
27.89,0.04838458648790997
27.900000000000002,0.04831254918722625
27.91,0.0481756400189035
27.92,0.04802725677486008
27.93,0.04790083031046068
27.94,0.04779636062570532
27.95,0.04771384772059397
27.96,0.04766880585524656
27.97,0.047681822197449854
27.98,0.04773656063947106
27.990000000000002,0.04781890515589259
28.0,0.04788723206223751
28.01,0.047907889708343795
28.02,0.04787741724855481
28.03,0.047792138444293975
28.04,0.0476833865610037
28.05,0.04756185335737685
28.060000000000002,0.04743327578243695
28.07,0.04730783058633241
28.080000000000002,0.04723080699952857
28.09,0.04723335454983425
28.1,0.04731423257596616
28.11,0.04745038919983065
28.12,0.04757662568601508
28.13,0.047656894114610965
28.14,0.04769119448561828
28.150000000000002,0.047712730748258075
28.16,0.04772691824658703
28.17,0.047733756980605176
28.18,0.04774958305804528
28.19,0.0477450965839521
28.2,0.04770536815755025
28.21,0.0476303977788397
28.22,0.04752364629347711
28.23,0.047434653953172395
28.240000000000002,0.047374435520551234
28.25,0.047342990995613635
28.26,0.04733458342933604
28.27,0.04733903607157006
28.28,0.04735634892231571
28.29,0.04736546448965151
28.3,0.04735348676268723
28.310000000000002,0.0473434676195165
28.32,0.04733540706013933
28.330000000000002,0.04732930508455571
28.34,0.047355561541036074
28.35,0.047405044007633214
28.36,0.04747233714029041
28.37,0.04755744093900767
28.38,0.04766035540378498
28.39,0.04780836588270379
28.400000000000002,0.048009196279852034
28.41,0.048262846595229725
28.42,0.048569316828836855
28.43,0.04887728271919441
28.44,0.04917292333299535
28.45,0.049456238670239655
28.46,0.049727228730927345
28.47,0.04991850163490291
28.48,0.04997420503185176
28.490000000000002,0.049915396413695336
28.5,0.04975621245260718
28.51,0.04958605536833372
28.52,0.049514443544956294
28.53,0.04954137698247494
28.54,0.049636455832619206
28.55,0.049729086105959164
28.560000000000002,0.04978803254009039
28.57,0.049813295135012876
28.580000000000002,0.049804873890726624
28.59,0.049778899379523026
28.6,0.04974257709808953
28.61,0.049674619973267144
28.62,0.04956313798001412
28.63,0.04941359136667613
28.64,0.04922878630393454
28.650000000000002,0.049033224875863916
28.66,0.04884496833736908
28.67,0.04873140856860557
28.68,0.04874839791988793
28.69,0.0488975598123825
28.7,0.04918127405421072
28.71,0.04951013842562618
28.72,0.04977463454254753
28.73,0.049968382807080707
28.740000000000002,0.050046874749257064
28.75,0.0500566328312327
28.76,0.050028892315412056
28.77,0.04996365320179515
28.78,0.04986091549038194
28.79,0.04972067918117247
28.8,0.049572801746854564
28.810000000000002,0.049450156087165
28.82,0.049364632227145495
28.830000000000002,0.049316230166796045
28.84,0.049304949906116655
28.85,0.04930628936103277
28.86,0.049302187276639535
28.87,0.04929264365293696
28.88,0.04927765848992505
28.89,0.049255608366437505
28.900000000000002,0.04922411347435286
28.91,0.04918317381367111
28.92,0.04913278938439227
28.93,0.049079339784410356
28.94,0.049056525998326786
28.95,0.049057298065315856
28.96,0.049081655985377566
28.97,0.0491295997585119
28.98,0.0492011293847189
28.990000000000002,0.04929623742094672
29.0,0.04938486240704566
29.01,0.04945541851643798
29.02,0.04950790574912368
29.03,0.04954326790668283
29.04,0.04960739625671486
29.05,0.049700290799219796
29.060000000000002,0.04982195153419762
29.07,0.04997237846164832
29.080000000000002,0.0501348096077613
29.09,0.050305914460099355
29.1,0.0504856930186625
29.11,0.05067414528345071
29.12,0.0508560396627214
29.13,0.051028723443767444
29.14,0.05120300411195611
29.150000000000002,0.0513859316281131
29.16,0.0515716272314403
29.17,0.05175163861702055
29.18,0.051925965784853846
29.19,0.05209461617799201
29.2,0.05225779378389691
29.21,0.052415498602568535
29.22,0.05256773063400686
29.23,0.05273085948232269
29.240000000000002,0.052873289127068936
29.25,0.05299501956824561
29.26,0.05309605080585269
29.27,0.0531763828398902
29.28,0.05324760241105349
29.29,0.05327440432395235
29.3,0.0532567885785868
29.310000000000002,0.05319475517495682
29.32,0.05310353570480505
29.330000000000002,0.05298578288083855
29.34,0.05285912680351594
29.35,0.05275605700056472
29.36,0.05268245223278297
29.37,0.05264676480508788
29.38,0.052648994717479414
29.39,0.05266658535704409
29.400000000000002,0.05264996915924227
29.41,0.05259914612407398
29.42,0.05251411625153921
29.43,0.052377566135947115
29.44,0.05222162579144213
29.45,0.05206733810997174
29.46,0.051914703091535966
29.47,0.05176372073613482
29.48,0.051574787746487064
29.490000000000002,0.051339656017658386
29.5,0.05105832554964886
29.51,0.05073079634245844
29.52,0.050428525301866534
29.53,0.050195554347626084
29.54,0.050014253379278464
29.55,0.049852132869096205
29.560000000000002,0.04969084680067025
29.57,0.049505379475396814
29.580000000000002,0.049295730893275914
29.59,0.049084457667221054
29.6,0.04892112736177185
29.61,0.04880573997692829
29.62,0.04875044445637331
29.63,0.0487619257198378
29.64,0.048793758506025006
29.650000000000002,0.04882489992298739
29.66,0.04885534997072495
29.67,0.04888510864923769
29.68,0.048958954488922096
29.69,0.04912377130253983
29.7,0.04938070719290112
29.71,0.049730858831446526
29.72,0.050102769312396614
29.73,0.05045239671599845
29.740000000000002,0.05074124725197442
29.75,0.05094684932191658
29.76,0.051087548942233975
29.77,0.05118836181153038
29.78,0.0512492879298058
29.79,0.05133775017968378
29.8,0.0514643536466143
29.810000000000002,0.05162909833059733
29.82,0.051819835287949936
29.830000000000002,0.05202259799544556
29.84,0.05219869189391267
29.85,0.05234811698335127
29.86,0.052470873263761354
29.87,0.05256696073514293
29.88,0.0526386147344486
29.89,0.05268871622449941
29.900000000000002,0.052716117102485104
29.91,0.0527197206969652
29.92,0.05269952700793966
29.93,0.05253084815294986
29.94,0.05221977320676938
29.95,0.051788773767806204
29.96,0.0512378498360603
29.97,0.05056700141153163
29.98,0.04984484635524884
29.990000000000002,0.04917756481821122
30.0,0.048554551714968815
30.01,0.04797580704552164
30.02,0.04744133080986968
30.03,0.046958404611508645
30.04,0.046522500811586334
30.05,0.04610708407822494
30.060000000000002,0.045712154411424455
30.07,0.045337711811184886
30.080000000000002,0.044977470521631355
30.09,0.04462696901989168
30.1,0.04428620730596587
30.11,0.04395518537985391
30.12,0.04363390324155582
30.13,0.043446658577459794
30.14,0.043425656108190915
30.150000000000002,0.04357089583374908
30.16,0.04388237775413439
30.17,0.04435948481573203
30.18,0.04493225176541413
30.19,0.045427075569557815
30.2,0.04584395622816312
30.21,0.046182893741230004
30.22,0.0464432651437422
30.23,0.04662445204532626
30.240000000000002,0.04676967664400588
30.25,0.04690547427165889
30.26,0.04703184492828529
30.27,0.047148392209842994
30.28,0.047258580346084586
30.29,0.047363989897061205
30.3,0.04746462086277284
30.310000000000002,0.04756047324321951
30.32,0.0476515470384012
30.330000000000002,0.04773854565369104
30.34,0.04782169851648956
30.35,0.04790100562679679
30.36,0.04797642564766842
30.37,0.04804757060779173
30.38,0.048115787899265974
30.39,0.04818107752209114
30.400000000000002,0.04824343947626723
30.41,0.04827672860693482
30.42,0.048308852351341275
30.43,0.04834033257117395
30.44,0.048371048605575256
30.45,0.04840084761745892
30.46,0.048429533101999746
30.47,0.048457457943721804
30.48,0.04848540896386988
30.490000000000002,0.0485133933020147
