Time,Speed
0.0,1.7018932052153548
0.01,1.7018932052153548
0.02,1.7018932052153548
0.03,1.7018932052153548
0.04,1.7018932052153548
0.05,1.7018932052153548
0.06,1.7018932052153548
0.07,1.7018932052153548
0.08,1.7018932052153548
0.09,1.7018932052153548
0.1,1.7018932052153548
0.11,1.7018932052153548
0.12,1.7018932052153548
0.13,1.7018932052153548
0.14,1.7018932052153548
0.15,1.7018932052153548
0.16,1.7018932052153548
0.17,1.7018932052153548
0.18,1.7018932052153548
0.19,1.7018932052153548
0.2,1.7018932052153548
0.21,1.7018932052153548
0.22,1.7018932052153548
0.23,1.7018932052153548
0.24,1.7018932052153548
0.25,1.7018932052153548
0.26,1.7018932052153548
0.27,1.7018932052153548
0.28,1.7018932052153548
0.29,1.7018932052153548
0.3,1.7018932052153548
0.31,1.7018932052153548
0.32,1.7018932052153548
0.33,1.7018932052153548
0.34,1.7018932052153548
0.35000000000000003,1.7018932052153548
0.36,1.7018932052153548
0.37,1.7018932052153548
0.38,1.7018932052153548
0.39,1.7018932052153548
0.4,1.6295675288112812
0.41000000000000003,1.552606620007404
0.42,1.4756457112035275
0.43,1.4014067351128403
0.44,1.3283769333461655
0.45,1.2553471315794906
0.46,1.1828843338580786
0.47000000000000003,1.1115278982108592
0.48,1.0401714625636402
0.49,0.9688150269164209
0.5,0.8960874009004799
0.51,0.8233310460220602
0.52,0.7505746911436404
0.53,0.6866272212238631
0.54,0.6254798864157
0.55,0.5643325516075367
0.56,0.5032576855308205
0.5700000000000001,0.4461714749596494
0.58,0.38908526438847885
0.59,0.33199905381730765
0.6,0.27571661766976724
0.61,0.22582366308240479
0.62,0.17593070849504233
0.63,0.12603775390767988
0.64,0.07614479932031742
0.65,0.07950140951785832
0.66,0.09950822084628211
0.67,0.11951503217470591
0.68,0.13952184350312968
0.6900000000000001,0.17502412004855303
0.7000000000000001,0.2190639888546617
0.71,0.2631038576607699
0.72,0.3071437264668786
0.73,0.35118359527298726
0.74,0.3826872886987106
0.75,0.41418980235931474
0.76,0.4456923160199189
0.77,0.47719482968052296
0.78,0.508697343341127
0.79,0.5401998570017312
0.8,0.574470837613821
0.81,0.6098537309261156
0.8200000000000001,0.6452366242384102
0.8300000000000001,0.6806195175507048
0.84,0.716002410862999
0.85,0.7515502365152781
0.86,0.7874720993916794
0.87,0.8233939622680808
0.88,0.8593158251444821
0.89,0.8952376880208834
0.9,0.9332319135110053
0.91,0.981222815364516
0.92,1.029213717218027
0.93,1.0772046190715376
0.9400000000000001,1.1175582338903045
0.9500000000000001,1.1495130866771885
0.96,1.1814679394640724
0.97,1.2134227922509564
0.98,1.2453776450378407
0.99,1.279571839276734
1.0,1.3260726213639622
1.01,1.3725734034511905
1.02,1.419074185538419
1.03,1.461819746884317
1.04,1.5026049279549887
1.05,1.5433901090256605
1.06,1.5841752900963322
1.07,1.6169461834674352
1.08,1.648386716705152
1.09,1.6798272499428686
1.1,1.7112677831805854
1.11,1.7313398696723041
1.12,1.6990559613542286
1.1300000000000001,1.6667720530361534
1.1400000000000001,1.634488144718078
1.1500000000000001,1.6022042364000026
1.16,1.569920328081928
1.17,1.5376364197638526
1.18,1.505352511445777
1.19,1.4730686031277018
1.2,1.4407846948096266
1.21,1.408500786491551
1.22,1.3762168781734758
1.23,1.3439329698554003
1.24,1.311649061537325
1.25,1.2793651532192496
1.26,1.2470812449011743
1.27,1.214797336583099
1.28,1.1825134282650236
1.29,1.150229519946948
1.3,1.1187105260305372
1.31,1.0944689345128418
1.32,1.0702273429951465
1.33,1.045985751477451
1.34,1.0215723095833147
1.35,0.9960133804811355
1.36,0.9704544513789564
1.37,0.9448955222767772
1.3800000000000001,0.9210286787417388
1.3900000000000001,0.8977921267209166
1.4000000000000001,0.8745555747000945
1.41,0.852885602073951
1.42,0.8336745606932185
1.43,0.8144635193124861
1.44,0.7952524779317536
1.45,0.7781554223006059
1.46,0.7614416072547847
1.47,0.7447277922089637
1.48,0.7292653944144291
1.49,0.7160604891997474
1.5,0.7028555839850659
1.51,0.6896506787703842
1.52,0.6782770746571987
1.53,0.6677247431841763
1.54,0.657172411711154
1.55,0.6468100974799613
1.56,0.6394139312127036
1.57,0.6320177649454459
1.58,0.6246215986781881
1.59,0.6173551928210435
1.6,0.611508980149843
1.61,0.6056627674786426
1.62,0.5998165548074421
1.6300000000000001,0.5939703421362417
1.6400000000000001,0.5877874396650644
1.6500000000000001,0.5807530319476022
1.6600000000000001,0.57371862423014
1.67,0.566684216512678
1.68,0.5592526737610771
1.69,0.5508905445746088
1.7,0.5425284153881407
1.71,0.5341662862016724
1.72,0.5261603497776962
1.73,0.5181860319639698
1.74,0.5102117141502436
1.75,0.5023172932321234
1.76,0.4945476905461163
1.77,0.4867780878601092
1.78,0.47900848517410205
1.79,0.47091288363901945
1.8,0.46274176977652076
1.81,0.45457065591402207
1.82,0.44669619032691904
1.83,0.4392061009557224
1.84,0.43171601158452577
1.85,0.4242259222133291
1.86,0.417056883340706
1.87,0.4099261386040099
1.8800000000000001,0.4027953938673138
1.8900000000000001,0.3964786550801413
1.9000000000000001,0.39141234548241977
1.9100000000000001,0.3863460358846982
1.92,0.38127972628697676
1.93,0.37621341668925523
1.94,0.3706270189435542
1.95,0.36490573961292494
1.96,0.3591844602822957
1.97,0.3535195878503311
1.98,0.3481715173770654
1.99,0.3428234469037997
2.0,0.337475376430534
2.0100000000000002,0.3330663633997802
2.02,0.329111466205323
2.0300000000000002,0.32515656901086565
2.04,0.32120167181640846
2.05,0.3174358046949852
2.06,0.3137828217846216
2.07,0.31012983887425816
2.08,0.3064768559638945
2.09,0.30294563036969485
2.1,0.29943403001773583
2.11,0.29592242966577703
2.12,0.2926660544846667
2.13,0.28984137758126355
2.14,0.28701670067786034
2.15,0.2841920237744572
2.16,0.28135778722678506
2.17,0.27851050115079057
2.18,0.2756632150747959
2.19,0.27281592899880136
2.2,0.2704322462836371
2.21,0.26825122882265234
2.22,0.2660702113616675
2.23,0.2638891939006827
2.24,0.2617081764396979
2.25,0.25900375959372823
2.2600000000000002,0.25618870274837896
2.27,0.25337364590302985
2.2800000000000002,0.25055296460013227
2.29,0.24768107599354244
2.3000000000000003,0.24480918738695248
2.31,0.24193729878036266
2.32,0.23936063841372024
2.33,0.23701570577436687
2.34,0.23467077313501358
2.35,0.2323258404956602
2.36,0.23019739481714563
2.37,0.22818636422375368
2.38,0.22617533363036185
2.39,0.2241643030369699
2.4,0.22283118737215615
2.41,0.2215058735874768
2.42,0.22018055980279752
2.43,0.21942842340761026
2.44,0.21918429855040295
2.45,0.21894017369319563
2.46,0.21869604883598834
2.47,0.21932110851564235
2.48,0.22016083328454428
2.49,0.22100055805344626
2.5,0.22184028282234822
2.5100000000000002,0.2232436606540902
2.52,0.22482888932790884
2.5300000000000002,0.22641411800172756
2.54,0.2279993466755462
2.5500000000000003,0.2295845753493649
2.56,0.2321559755002845
2.57,0.23495643604291067
2.58,0.23775689658553698
2.59,0.24055735712816315
2.6,0.24392663738250608
2.61,0.24781740682132014
2.62,0.25170817626013436
2.63,0.2555989456989484
2.64,0.25975567977154895
2.65,0.26419201601125764
2.66,0.2686283522509665
2.67,0.27306468849067517
2.68,0.2778267045996036
2.69,0.28345766235974673
2.7,0.2890886201198901
2.71,0.2947195778800332
2.72,0.30084517532541555
2.73,0.30742035602577517
2.74,0.3139955367261351
2.75,0.3205657086841431
2.7600000000000002,0.32699197434828653
2.77,0.33341824001242965
2.7800000000000002,0.3398445056765731
2.79,0.3463948478934985
2.8000000000000003,0.3533223849622883
2.81,0.3602499220310778
2.82,0.3671774590998673
2.83,0.3730833750063519
2.84,0.37828684870547197
2.85,0.38349032240459224
2.86,0.38869379610371235
2.87,0.39389726980283263
2.88,0.40028596280091827
2.89,0.4074492353163169
2.9,0.41461250783171516
2.91,0.42177578034711377
2.92,0.42803997966055957
2.93,0.434258393483937
2.94,0.44047680730731426
2.95,0.4466952211306917
2.96,0.4534974609098239
2.97,0.4604953915180432
2.98,0.46749332212626216
2.99,0.4744734937610907
3.0,0.48118904510072763
3.0100000000000002,0.48790459644036493
3.02,0.49462014778000185
3.0300000000000002,0.5011088563791668
3.04,0.507134179093307
3.0500000000000003,0.5131595018074475
3.06,0.5191848245215877
3.0700000000000003,0.5251204881011063
3.08,0.5308524462497424
3.09,0.5365844043983785
3.1,0.5423163625470149
3.11,0.5479010891403214
3.12,0.5531337616186083
3.13,0.5583664340968949
3.14,0.5635991065751819
3.15,0.5686833261887869
3.16,0.5725757480041247
3.17,0.5764681698194623
3.18,0.5803605916348
3.19,0.5842530134501376
3.2,0.5881454352654752
3.21,0.5925148374553371
3.22,0.5970291830978101
3.23,0.6015435287402829
3.24,0.606057874382756
3.25,0.6106947848910216
3.2600000000000002,0.6154858450711839
3.27,0.6202769052513459
3.2800000000000002,0.6250679654315082
3.29,0.6297110141342539
3.3000000000000003,0.6342396923949994
3.31,0.6387683706557448
3.3200000000000003,0.6432970489164902
3.33,0.6476093818665265
3.34,0.6518324814393592
3.35,0.6560555810121921
3.36,0.6602786805850248
3.37,0.6645033744691737
3.38,0.6687286518219462
3.39,0.6729539291747189
3.4,0.6771498846242078
3.41,0.6806626334355642
3.42,0.6841753822469204
3.43,0.6876881310582769
3.44,0.6912008798696331
3.45,0.6948296132156151
3.46,0.6984988041117074
3.47,0.7021679950077998
3.48,0.7058371859038921
3.49,0.7087168127012283
3.5,0.7113118072115842
3.5100000000000002,0.7139068017219401
3.52,0.7165017962322959
3.5300000000000002,0.7190967907426519
3.54,0.7217850463347988
3.5500000000000003,0.7245967330667495
3.56,0.7274084197987002
3.5700000000000003,0.730220106530651
3.58,0.7330317932626016
3.59,0.7359096385833783
3.6,0.7388194961745904
3.61,0.7417293537658024
3.62,0.7446392113570145
3.63,0.7474104451342353
3.64,0.7500025895601695
3.65,0.7525947339861037
3.66,0.7551868784120379
3.67,0.757779022837972
3.68,0.6790151080772209
3.69,0.5870592400580497
3.7,0.4951033720388743
3.71,0.403147504019703
3.72,0.35891803032452546
3.73,0.35579655753900963
3.74,0.3526750847534936
3.75,0.3495536119679777
3.7600000000000002,0.34635015368832844
3.77,0.34306927649999713
3.7800000000000002,0.33978839931166566
3.79,0.3365075221233343
3.8000000000000003,0.33288280559887057
3.81,0.3290848630925215
3.8200000000000003,0.3252869205861722
3.83,0.32148897807982313
3.84,0.3174777159055572
3.85,0.31273724730907637
3.86,0.30799677871259573
3.87,0.3032563101161149
3.88,0.29854310991144606
3.89,0.2938374465686754
3.9,0.2891317832259049
3.91,0.28467600199588117
3.92,0.28049516876473574
3.93,0.2763143355335901
3.94,0.2721410369709953
3.95,0.2682074057736763
3.96,0.2642737745763574
3.97,0.26034014337903844
3.98,0.2567687002476681
3.99,0.2533164399872505
4.0,0.24986417972683306
4.01,0.24676806563913978
4.0200000000000005,0.24410416688343217
4.03,0.24144026812772482
4.04,0.23878265498977644
4.05,0.2368289233084904
4.0600000000000005,0.23487519162720416
4.07,0.2329214599459181
4.08,0.2314528003688575
4.09,0.23028275319275696
4.1,0.22911270601665645
4.11,0.22798462771153072
4.12,0.2276682709280496
4.13,0.22735191414456846
4.14,0.22703555736108733
4.15,0.22671920057760617
4.16,0.22665543308833333
4.17,0.22689774137538893
4.18,0.22714004966244455
4.19,0.22738235794950018
4.2,0.22791461460374227
4.21,0.22850702947761614
4.22,0.22909944435149002
4.23,0.22970857043096235
4.24,0.2303431414276367
4.25,0.23097771242431103
4.26,0.2316122834209854
4.2700000000000005,0.23225873274605763
4.28,0.2329288733296829
4.29,0.2335990139133082
4.3,0.23426915449693347
4.3100000000000005,0.23476943110426113
4.32,0.23525035753726084
4.33,0.23573128397026058
4.34,0.2360885359055283
4.3500000000000005,0.2363032915552306
4.36,0.23651804720493289
4.37,0.23665660259561508
4.38,0.23650267449013573
4.39,0.23634874638465636
4.4,0.23616989065877797
4.41,0.23568287214129868
4.42,0.2351958536238194
4.43,0.23470883510634014
4.44,0.2341819934282898
4.45,0.23364444136155582
4.46,0.23310688929482187
4.47,0.2325693372280879
4.48,0.23202298175309774
4.49,0.23093811402264858
4.5,0.22985324629219941
4.51,0.2287801582159162
4.5200000000000005,0.22797836542721553
4.53,0.2271765726385149
4.54,0.22637477984981427
4.55,0.22557298706111364
4.5600000000000005,0.22472924004395403
4.57,0.22388264932113344
4.58,0.22303605859831288
4.59,0.22238431088554247
4.6000000000000005,0.2218423668123878
4.61,0.2213004227392332
4.62,0.220917923251734
4.63,0.22083793734989718
4.64,0.22075795144806037
4.65,0.22067796554622354
4.66,0.22111825877513738
4.67,0.22160483034460254
4.68,0.22209140191406768
4.69,0.22294701424958868
4.7,0.22405654709718156
4.71,0.22516607994477444
4.72,0.2264671619320367
4.73,0.22826389098738523
4.74,0.2300606200427336
4.75,0.23185669720626928
4.76,0.23360246098062454
4.7700000000000005,0.23534822475497993
4.78,0.23709398852933516
4.79,0.2388397523036904
4.8,0.24101973088884035
4.8100000000000005,0.24358441467391326
4.82,0.24614909845898594
4.83,0.2487137822440586
4.84,0.2515441928259973
4.8500000000000005,0.2544113089907501
4.86,0.2572784251555026
4.87,0.26015622730914134
4.88,0.2630825942764158
4.89,0.2660089612436902
4.9,0.26893532821096494
4.91,0.2717693054740726
4.92,0.27444469946179784
4.93,0.27712009344952315
4.94,0.27979548743724864
4.95,0.2825053100416921
4.96,0.2853576961665904
4.97,0.2882100822914887
4.98,0.2910624684163873
4.99,0.29374883363713183
5.0,0.29626282596373493
5.01,0.298776818290338
5.0200000000000005,0.3012908106169413
5.03,0.3036462735263461
5.04,0.3059513459329774
5.05,0.30825641833960865
5.0600000000000005,0.3103821558389612
5.07,0.3119937205909251
5.08,0.313605285342889
5.09,0.3152168500948529
5.1000000000000005,0.31673926272074493
5.11,0.31788929082751105
5.12,0.3190393189342771
5.13,0.32018934704104324
5.14,0.32133937514780936
5.15,0.32211368854711225
5.16,0.32286483201412247
5.17,0.32361597548113274
5.18,0.32436711894814296
5.19,0.32510035733896797
5.2,0.32571473512164245
5.21,0.3263291129043169
5.22,0.3269434906869913
5.23,0.32749950795788463
5.24,0.32788593128659566
5.25,0.3282723546153066
5.26,0.3286587779440176
5.2700000000000005,0.3290182175057555
5.28,0.32927333200752557
5.29,0.3295284465092956
5.3,0.3297835610110656
5.3100000000000005,0.3299154595351471
5.32,0.330046633415598
5.33,0.33017780729604884
5.34,0.33030898117649965
5.3500000000000005,0.33043310059437253
5.36,0.33055515903264615
5.37,0.33067721747091977
5.38,0.33079927590919345
5.39,0.3081521543968312
5.4,0.23829536106855376
5.41,0.16843856774028254
5.42,0.09858177441201132
5.43,0.042554607805663267
5.44,0.045680417561762054
5.45,0.048806227317860565
5.46,0.051932037073959075
5.47,0.0641210645999983
5.48,0.09279120458379263
5.49,0.1214613445675844
5.5,0.15138288948421647
5.51,0.19364261277789435
5.5200000000000005,0.23590233607157596
5.53,0.27816205936525384
5.54,0.2945501102261886
5.55,0.2956064468224225
5.5600000000000005,0.29666278341865643
5.57,0.29778667223300875
5.58,0.3105681781692104
5.59,0.323349684105412
5.6000000000000005,0.33613119004161474
5.61,0.3489126959778164
5.62,0.361694201914018
5.63,0.37447570785021966
5.64,0.38725721378642125
5.65,0.400038719722624
5.66,0.41282022565882565
5.67,0.42560173159502723
5.68,0.4383832375312289
5.69,0.45116474346743163
5.7,0.4880506990516603
5.71,0.5257319628623014
5.72,0.5634132266729425
5.73,0.601094490483587
5.74,0.6416880184699864
5.75,0.695979375052348
5.76,0.7502707316347097
5.7700000000000005,0.8045620882170763
5.78,0.8597943889300292
5.79,0.9154293836301566
5.8,0.9710643783302839
5.8100000000000005,1.0260819746835534
5.82,1.0798779231558133
5.83,1.133673871628073
5.84,1.1856592936390158
5.8500000000000005,1.20313101806366
5.86,1.2206027424883028
5.87,1.2380744669129455
5.88,1.2679327707514152
5.89,1.3051783523039744
5.9,1.342423933856537
5.91,1.3709815042473539
5.92,1.3844594460188713
5.93,1.3979373877903887
5.94,1.4114153295619074
5.95,1.4248932713334248
5.96,1.4383712131049422
5.97,1.446513927568455
5.98,1.4497369896225598
5.99,1.4529600516766639
6.0,1.4561831137307681
6.01,1.4594061757848724
6.0200000000000005,1.462629237838977
6.03,1.4658522998930812
6.04,1.4690753619471855
6.05,1.4722984240012897
6.0600000000000005,1.4400409126570275
6.07,1.4033800034937127
6.08,1.366719094330398
6.09,1.3300581851670834
6.1000000000000005,1.2933972760037653
6.11,1.272561677055028
6.12,1.268325031244463
6.13,1.2640883854338976
6.140000000000001,1.2547176237379623
6.15,1.2317628597690493
6.16,1.2088080958001362
6.17,1.185853331831223
6.18,1.1679691012476656
6.19,1.1737613672652567
6.2,1.1795536332828471
6.21,1.1853458993004375
6.22,1.1873669712031192
6.23,1.1845057518539859
6.24,1.181644532504853
6.25,1.1787833131557202
6.26,1.175922093806587
6.2700000000000005,1.1778253663234768
6.28,1.181363633383988
6.29,1.1849019004444994
6.3,1.1884401675050107
6.3100000000000005,1.1894667010856033
6.32,1.1902026330803424
6.33,1.1909385650750817
6.34,1.1909235186201719
6.3500000000000005,1.188233400896763
6.36,1.1855432831733543
6.37,1.182853165449946
6.38,1.1798757720459114
6.390000000000001,1.174873719684843
6.4,1.1698716673237755
6.41,1.1648696149627076
6.42,1.15986756260164
6.43,1.1534639172464232
6.44,1.144032994821174
6.45,1.1346020723959258
6.46,1.1251711499706776
6.47,1.1147731118844155
6.48,1.103244240493722
6.49,1.0917153691030295
6.5,1.080186497712337
6.51,1.064122167113009
6.5200000000000005,1.0386219588342176
6.53,1.0131217505554282
6.54,0.987621542276639
6.55,0.9723721020965408
6.5600000000000005,0.9576330020959826
6.57,0.9428939020954258
6.58,0.9282273283012197
6.59,0.9143389097300283
6.6000000000000005,0.9004504911588357
6.61,0.8865620725876443
6.62,0.872673654016453
6.63,0.8561208857433218
6.640000000000001,0.8394454423940446
6.65,0.822769999044769
6.66,0.8053465708673474
6.67,0.7836024150639264
6.68,0.7618582592605053
6.69,0.7401141034570823
6.7,0.7140656522728493
6.71,0.6864492615022709
6.72,0.6588328707316924
6.73,0.6312164799611115
6.74,0.603600089190533
6.75,0.5838427808841576
6.76,0.5648369959198241
6.7700000000000005,0.5458312109554888
6.78,0.528305399439349
6.79,0.5114212683456245
6.8,0.4945371372519002
6.8100000000000005,0.48195790591985216
6.82,0.4757410693084865
6.83,0.4695242326971208
6.84,0.4633073960857551
6.8500000000000005,0.4660733802499575
6.86,0.47570297252981636
6.87,0.48533256480967524
6.88,0.4949621570895341
6.890000000000001,0.5045917493693938
6.9,0.5233345537553382
6.91,0.5451308684489139
6.92,0.5669271831424896
6.93,0.5887234978360653
6.94,0.6147216966366245
6.95,0.645998426708799
6.96,0.6772751567809735
6.97,0.708551886853148
6.98,0.7420729309065817
6.99,0.7760388093045058
7.0,0.8100046877024298
7.01,0.8413295971119251
7.0200000000000005,0.8649776306308443
7.03,0.8886256641497615
7.04,0.9122736976686787
7.05,0.9359217311875958
7.0600000000000005,0.9601709779606098
7.07,0.9872028989362002
7.08,1.0142348199117905
7.09,1.0412667408873808
7.1000000000000005,1.0682151290628008
7.11,1.093113057253494
7.12,1.1180109854441869
7.13,1.14290891363488
7.140000000000001,1.1674448389399767
7.15,1.18748414407497
7.16,1.2075234492099631
7.17,1.2275627543449563
7.18,1.2471697367134955
7.19,1.2624853592696454
7.2,1.277800981825794
7.21,1.2931166043819426
7.22,1.306870711781804
7.23,1.3169751850352618
7.24,1.327079658288719
7.25,1.337184131542176
7.26,1.342993938603727
7.2700000000000005,1.3470954010442069
7.28,1.3511968634846865
7.29,1.355283956604462
7.3,1.354203177013843
7.3100000000000005,1.3531223974232236
7.32,1.3520416178326042
7.33,1.3499554287318838
7.34,1.3459645653357508
7.3500000000000005,1.3419737019396172
7.36,1.3379828385434842
7.37,1.333991975147351
7.38,1.328186725268154
7.390000000000001,1.3187032535687964
7.4,1.3092197818694395
7.41,1.2997363101700827
7.42,1.2883849078917264
7.43,1.2742945001801094
7.44,1.260204092468491
7.45,1.2461136847568737
7.46,1.2273116434935807
7.47,1.2074260731368127
7.48,1.187540502780043
7.49,1.164045533924124
7.5,1.1371107921897483
7.51,1.1101760504553726
7.5200000000000005,1.0858674804974928
7.53,1.0638517577817643
7.54,1.0418360350660356
7.55,1.019820312350307
7.5600000000000005,0.9966226878443303
7.57,0.9720731208318097
7.58,0.9475235538192892
7.59,0.9229739868067687
7.6000000000000005,0.8966280259699041
7.61,0.867955847271741
7.62,0.8392836685735781
7.63,0.8106114898754151
7.640000000000001,0.7889802515067469
7.65,0.7710266013899657
7.66,0.7530729512731845
7.67,0.7351193011564032
7.68,0.717165651039622
7.69,0.6992120009228393
7.7,0.6802016478870103
7.71,0.6571464108655969
7.72,0.6340911738441833
7.73,0.6110359368227678
7.74,0.5879806998013543
7.75,0.5650724735922731
7.76,0.5430618423061926
7.7700000000000005,0.5210512110201101
7.78,0.4990405797340296
7.79,0.4770299484479491
7.8,0.4550193171618686
7.8100000000000005,0.4357886923533941
7.82,0.4168833818854227
7.83,0.3979780714174512
7.84,0.3790727609494797
7.8500000000000005,0.36016745048150656
7.86,0.34260151452368914
7.87,0.3279384778809663
7.88,0.3132754412382434
7.890000000000001,0.29861240459551924
7.9,0.28394936795279635
7.91,0.2692863313100735
7.92,0.25684315874914443
7.930000000000001,0.24853187717745956
7.94,0.2402205956057754
7.95,0.23190931403409126
7.96,0.22359803246240711
7.97,0.21528675089072297
7.98,0.20813423609386603
7.99,0.20777195253300723
8.0,0.20740966897214844
8.01,0.20704738541128964
8.02,0.20668510185043085
8.03,0.20632281828957205
8.040000000000001,0.2059605347287132
8.05,0.2055982511678544
8.06,0.2052359676069956
8.07,0.20487368404613682
8.08,0.20451140048527802
8.09,0.20820151047818167
8.1,0.2129459750006035
8.11,0.21769043952302536
8.120000000000001,0.22243490404544802
8.13,0.22717936856786985
8.14,0.2319238330902917
8.15,0.23797609402790315
8.16,0.24591943753362105
8.17,0.25386278103933896
8.18,0.26180612454505686
8.19,0.26974946805077477
8.2,0.27455004426355356
8.21,0.27832259296243644
8.22,0.28209514166131866
8.23,0.2858676903602009
8.24,0.2896402390590831
8.25,0.2934127877579653
8.26,0.2971853364568475
8.27,0.30026757412228083
8.28,0.3025809765033427
8.290000000000001,0.30489437888440496
8.3,0.30720778126546683
8.31,0.30952118364652864
8.32,0.3103687331507256
8.33,0.3096966097039596
8.34,0.3090244862571936
8.35,0.3083523628104276
8.36,0.30768023936366157
8.370000000000001,0.3070081159168955
8.38,0.30525497149062797
8.39,0.30235189276879476
8.4,0.2994488140469615
8.41,0.29654573532512823
8.42,0.293642656603295
8.43,0.29039599512452896
8.44,0.28685227754232034
8.45,0.28330855996011167
8.46,0.2797648423779024
8.47,0.2762211247956938
8.48,0.27408165077376406
8.49,0.2720854786913417
8.5,0.27008930660891933
8.51,0.268093134526497
8.52,0.26609696244407466
8.53,0.2664153567471357
8.540000000000001,0.2667405077252289
8.55,0.26706565870332205
8.56,0.2673908096814152
8.57,0.2677159606595083
8.58,0.2694601292211318
8.59,0.27168045974960975
8.6,0.2739007902780877
8.61,0.27612112080656565
8.620000000000001,0.278341451335044
8.63,0.28048102937398056
8.64,0.28254167049611234
8.65,0.28460231161824406
8.66,0.28666295274037584
8.67,0.28872359386250757
8.68,0.2907842349846393
8.69,0.29284487610677107
8.700000000000001,0.2949055172289032
8.71,0.2980913526598512
8.72,0.3013525017159339
8.73,0.30461365077201663
8.74,0.3078747998280993
8.75,0.3101381212792797
8.76,0.3121636617129124
8.77,0.314189202146545
8.78,0.3160928728523954
8.790000000000001,0.3163089496560392
8.8,0.316525026459683
8.81,0.3167411032633268
8.82,0.31613117157749826
8.83,0.31512758031427496
8.84,0.3141239890510516
8.85,0.31312039778782824
8.86,0.31194947858569466
8.870000000000001,0.31058045566772374
8.88,0.309211432749753
8.89,0.3078424098317823
8.9,0.30746772946830414
8.91,0.30733404359729544
8.92,0.30720035772628673
8.93,0.3074982781942834
8.94,0.3097860685212607
8.950000000000001,0.31207385884823846
8.96,0.3143616491752158
8.97,0.317500099311625
8.98,0.3213139697800403
8.99,0.32512784024845565
9.0,0.328941710716871
9.01,0.33275558118528636
9.02,0.33804526035218413
9.03,0.3437449839621946
9.040000000000001,0.349444707572206
9.05,0.35514443118221645
9.06,0.3615129547814029
9.07,0.3699075487458064
9.08,0.37830214271020995
9.09,0.3866967366746135
9.1,0.3949559894092028
9.11,0.4031726714498375
9.120000000000001,0.41138935349047356
9.13,0.41909286447858507
9.14,0.42557600167431314
9.15,0.43205913887004127
9.16,0.4385422760657694
9.17,0.44434256661850574
9.18,0.44949661729250107
9.19,0.45465066796649645
9.200000000000001,0.45980471864049277
9.21,0.46387563922321673
9.22,0.4677414257735668
9.23,0.4716072123239169
9.24,0.47477497109147615
9.25,0.4770377602414472
9.26,0.4793005493914182
9.27,0.4815633385413892
9.28,0.4829421771693444
9.290000000000001,0.48396548998248745
9.3,0.48498880279563034
9.31,0.48601211560877317
9.32,0.48703542842191605
9.33,0.4881311128267297
9.34,0.4893653074241632
9.35,0.4905995020215966
9.36,0.49183369661903
9.370000000000001,0.4930045861169759
9.38,0.4941265644705858
9.39,0.4952485428241957
9.4,0.49637052117780567
9.41,0.49749249953141556
9.42,0.49873621703156856
9.43,0.5001131941661926
9.44,0.5014901713008166
9.450000000000001,0.502867148435441
9.46,0.504244125570065
9.47,0.5056211027046891
9.48,0.5073304851301996
9.49,0.5092128264913018
9.5,0.511095167852404
9.51,0.5129775092135063
9.52,0.5148598505746085
9.53,0.5167421919357108
9.540000000000001,0.5191198761182816
9.55,0.5215476582742427
9.56,0.5239754404302037
9.57,0.5264032225861648
9.58,0.5288310047421259
9.59,0.5311775349482832
9.6,0.5333769375907197
9.61,0.5355763402331561
9.620000000000001,0.5377757428755929
9.63,0.5399751455180294
9.64,0.5421745481604658
9.65,0.5443739508029023
9.66,0.5472378743945857
9.67,0.5520235855988027
9.68,0.5568092968030197
9.69,0.5615950080072367
9.700000000000001,0.5668896439795242
9.71,0.5724320955447216
9.72,0.5779745471099191
9.73,0.5832452179379423
9.74,0.588074808166138
9.75,0.5929043983943336
9.76,0.5977339886225294
9.77,0.6022006252273446
9.78,0.6061877256488101
9.790000000000001,0.6101748260702762
9.8,0.6141619264917416
9.81,0.618149026913207
9.82,0.6218274491931455
9.83,0.6251463409119417
9.84,0.6284652326307378
9.85,0.6317841243495339
9.86,0.6351030160683301
9.870000000000001,0.6384219077871268
9.88,0.6417585070395326
9.89,0.6451373855993924
9.9,0.6485162641592522
9.91,0.651895142719112
9.92,0.6552740212789718
9.93,0.6586528998388316
9.94,0.661963398484815
9.950000000000001,0.6645900103529634
9.96,0.6672166222211112
9.97,0.6698432340892592
9.98,0.6724698459574071
9.99,0.675096457825555
10.0,0.677723069693703
10.01,0.6803496815618509
10.02,0.6830513043114116
10.03,0.6879211718799739
10.040000000000001,0.692791039448537
10.05,0.6976609070170993
10.06,0.7025307745856615
10.07,0.7071797099509319
10.08,0.7117480186734624
10.09,0.7163163273959929
10.1,0.7208846361185235
10.11,0.7254831546464763
10.120000000000001,0.730152419924065
10.13,0.7348216852016529
10.14,0.7394909504792408
10.15,0.7440861364752911
10.16,0.7483868589313117
10.17,0.7526875813873324
10.18,0.7569883038433531
10.19,0.7612712547792347
10.200000000000001,0.7653476830938051
10.21,0.7694241114083747
10.22,0.7735005397229444
10.23,0.777522364679462
10.24,0.7810867224897103
10.25,0.7846510802999587
10.26,0.7882154381102069
10.27,0.7917797959204552
10.28,0.7949409246816365
10.290000000000001,0.7980859061101157
10.3,0.8012308875385943
10.31,0.8043758689670728
10.32,0.8075715819737125
10.33,0.8107901036819791
10.34,0.8140086253902458
10.35,0.8172271470985124
10.36,0.8201129769388408
10.370000000000001,0.822901232814777
10.38,0.8256894886907128
10.39,0.8284777445666485
10.4,0.8314747963072272
10.41,0.8347663029259255
10.42,0.8380578095446238
10.43,0.8413493161633221
10.44,0.8444905237171304
10.450000000000001,0.8476044564556681
10.46,0.8507183891942053
10.47,0.8538368629279524
10.48,0.8570448456223733
10.49,0.8602528283167941
10.5,0.863460811011215
10.51,0.8666610205082165
10.52,0.8698470247778184
10.53,0.8730330290474203
10.540000000000001,0.8762190333170228
10.55,0.8793632837910258
10.56,0.8824748687492281
10.57,0.8855864537074304
10.58,0.8886980386656327
10.59,0.8914674847003906
10.6,0.8940212520710216
10.61,0.8965750194416525
10.620000000000001,0.8991287868122839
10.63,0.9016825541829149
10.64,0.904695933685968
10.65,0.9077829059714004
10.66,0.910869878256833
10.67,0.9139568505422654
10.68,0.9171607565484717
10.69,0.9203739782872137
10.700000000000001,0.9235872000259562
10.71,0.9267623947225881
10.72,0.9298057577899583
10.73,0.9328491208573284
10.74,0.9358924839246985
10.75,0.9389063058085381
10.76,0.9418725020655788
10.77,0.9448386983226196
10.78,0.9478048945796603
10.790000000000001,0.9508137875896957
10.8,0.95386120545362
10.81,0.9569086233175442
10.82,0.9599560411814684
10.83,0.962753095407425
10.84,0.9654905184766904
10.85,0.9682279415459559
10.86,0.9709653646152213
10.870000000000001,0.9738160745229024
10.88,0.9767023215537114
10.89,0.9795885685845204
10.9,0.9824748156153292
10.91,0.9845849053416839
10.92,0.9866876955222187
10.93,0.9887904857027535
10.94,0.9908932758832885
10.950000000000001,0.9929960660638237
10.96,0.9953735281761135
10.97,0.9977687693804752
10.98,1.000164010584837
10.99,1.0025096213683988
11.0,1.0047933674618352
11.01,1.0070771135552716
11.02,1.009360859648708
11.03,1.0114415069310694
11.040000000000001,1.013509296599818
11.05,1.0155770862685662
11.06,1.017662662960417
11.07,1.0198783224412395
11.08,1.022093981922062
11.09,1.0243096414028845
11.1,1.0264651406505505
11.11,1.028575903260401
11.120000000000001,1.0306866658702516
11.13,1.032797428480102
11.14,1.0344050209006748
11.15,1.0359559435802936
11.16,1.0375068662599127
11.17,1.0390577889395318
11.18,1.040539543945677
11.19,1.0419900063348448
11.200000000000001,1.043440468724013
11.21,1.0448909311131809
11.22,1.0459493713572354
11.23,1.0469253972922896
11.24,1.0479014232273438
11.25,1.048877449162398
11.26,1.049779883707011
11.27,1.050218231292863
11.28,1.0506565788787152
11.290000000000001,1.0510949264645673
11.3,1.0514745933637983
11.31,1.0513977425406977
11.32,1.051320891717597
11.33,1.0512440408944963
11.34,1.050892098434171
11.35,1.050377854121094
11.36,1.0498636098080172
11.370000000000001,1.0493493654949402
11.38,1.048441364918036
11.39,1.0474118942716566
11.4,1.0463824236252772
11.41,1.0453090280357207
11.42,1.0440622793845467
11.43,1.0428155307333724
11.44,1.0415687820821984
11.450000000000001,1.0398797584315371
11.46,1.0377093829786628
11.47,1.0355390075257886
11.48,1.0333686320729143
11.49,1.0306566767195906
11.5,1.0278983140647615
11.51,1.0252580218401097
11.52,1.023289810604278
11.53,1.0213215993684461
11.540000000000001,1.0193533881326138
11.55,1.0169164641951214
11.56,1.013812667701339
11.57,1.0107088712075567
11.58,1.007662580014818
11.59,1.0046766127152786
11.6,1.001690645415739
11.61,0.9989512476641512
11.620000000000001,0.9962796301760883
11.63,0.9935757765359381
11.64,0.9904895504253547
11.65,0.9874033243147713
11.66,0.9843214195199531
11.67,0.9812516538966695
11.68,0.9781818882733858
11.69,0.9752778091850031
11.700000000000001,0.9724909680241416
11.71,0.9697580733856332
11.72,0.9676801426315451
11.73,0.965602211877457
11.74,0.9633962780947956
11.75,0.960853745603598
11.76,0.9583112131124006
11.77,0.9559436813470475
11.78,0.9537567219241755
11.790000000000001,0.9515697625013031
11.8,0.9497013739881982
11.81,0.9479050221452607
11.82,0.9461231682656102
11.83,0.9444143922213369
11.84,0.9427056161770636
11.85,0.9409968401327903
11.86,0.9389031579177807
11.870000000000001,0.9362418315078453
11.88,0.9335805050979106
11.89,0.9307732416417971
11.9,0.9279346656245562
11.91,0.9250511783915454
11.92,0.9220395407744822
11.93,0.919027903157419
11.94,0.9152957260568224
11.950000000000001,0.9110039682064867
11.96,0.9067122103561516
11.97,0.9013330334229648
11.98,0.895632821678089
11.99,0.8894092066357756
12.0,0.8820057159941209
12.01,0.8746022253524663
12.02,0.865205610191078
12.030000000000001,0.8552527038577521
12.040000000000001,0.8450806964469731
12.05,0.8337511318803829
12.06,0.8224215673137927
12.07,0.8104378396054813
12.08,0.7975754682869417
12.09,0.7847130969684022
12.1,0.7706721092017793
12.11,0.7563673275127119
12.120000000000001,0.742459639634034
12.13,0.7294838656396502
12.14,0.7165080916452663
12.15,0.7032602950634217
12.16,0.689510792580642
12.17,0.6757612900978622
12.18,0.6627471078791006
12.19,0.6500372926475844
12.200000000000001,0.6377151365226124
12.21,0.627109772735387
12.22,0.6165044089481618
12.23,0.6062528604203935
12.24,0.5962410000131346
12.25,0.5863990030467475
12.26,0.5778805119439394
12.27,0.5693620208411312
12.280000000000001,0.5608334413814269
12.290000000000001,0.5522970427114577
12.3,0.5439156764452303
12.31,0.5361074986747861
12.32,0.5282993209043421
12.33,0.5194125373348403
12.34,0.5099977503093616
12.35,0.5003499240890731
12.36,0.4898590358162211
12.370000000000001,0.47936814754336726
12.38,0.4667355085703687
12.39,0.4532408554771187
12.4,0.44041267613613344
12.41,0.4281239266707693
12.42,0.41594272914439256
12.43,0.4054001965045521
12.44,0.39485766386471166
12.450000000000001,0.3843151312248693
12.46,0.37352175081498873
12.47,0.3627134503030772
12.48,0.35190514979116577
12.49,0.34149575912217756
12.5,0.33116165968073247
12.51,0.32082756023928743
12.52,0.3110110407177692
12.530000000000001,0.30147543580262276
12.540000000000001,0.291939830887478
12.55,0.2827210709857478
12.56,0.27408072040881754
12.57,0.26544036983188735
12.58,0.25680001925495716
12.59,0.2477438197751757
12.6,0.23856609618214214
12.61,0.22938837258910857
12.620000000000001,0.22080410820157317
12.63,0.21269868116580593
12.64,0.2045932541300387
12.65,0.19702512366883856
12.66,0.190640199647468
12.67,0.18425527562609742
12.68,0.17872031379604444
12.69,0.17629768102870344
12.700000000000001,0.17387504826136202
12.71,0.171923815217633
12.72,0.17531927289130783
12.73,0.1787147305649827
12.74,0.18211018823865752
12.75,0.1893728506739139
12.76,0.1989130391450602
12.77,0.2084532276162065
12.780000000000001,0.21938789078069967
12.790000000000001,0.23232710560226114
12.8,0.24526632042382263
12.81,0.25827041076655116
12.82,0.2730105228001629
12.83,0.28775063483377467
12.84,0.3024907468673864
12.85,0.3184798023695532
12.86,0.33562809609077526
12.870000000000001,0.35277638981200043
12.88,0.37007463839882
12.89,0.3876252616804383
12.9,0.4051758849620566
12.91,0.4212162059375478
12.92,0.4353959452688007
12.93,0.4495756846000536
12.94,0.4628189925531691
12.950000000000001,0.4738229532083736
12.96,0.48482691386357607
12.97,0.49552968968416444
12.98,0.5039117950952263
12.99,0.5122939005062882
13.0,0.5196520711701463
13.01,0.5235321712268073
13.02,0.5274122712834681
13.030000000000001,0.5312923713401297
13.040000000000001,0.5328176259803822
13.05,0.533723666944725
13.06,0.5346297079090677
13.07,0.5347869893030565
13.08,0.5337748710967971
13.09,0.5327627528905378
13.1,0.5317506346842783
13.11,0.5303625668684715
13.120000000000001,0.5289475555344565
13.13,0.5275325442004417
13.14,0.5268089176566442
13.15,0.5264823850090854
13.16,0.5261558523615266
13.17,0.5264859225596092
13.18,0.5288601799725668
13.19,0.5312344373855244
13.200000000000001,0.534281448849574
13.21,0.5403801044033653
13.22,0.5464787599571564
13.23,0.5528264853282074
13.24,0.5612836895715193
13.25,0.5697408938148313
13.26,0.5781980980581433
13.27,0.5887345879250147
13.280000000000001,0.6002463547090809
13.290000000000001,0.6117581214931452
13.3,0.6230957369043507
13.31,0.6343048053002407
13.32,0.6455138736961307
13.33,0.6566511903639132
13.34,0.667329560917398
13.35,0.678007931470883
13.36,0.6886863020243679
13.370000000000001,0.6996387463371018
13.38,0.7107292635838145
13.39,0.7218197808305273
13.4,0.7315167680394866
13.41,0.7405824745329013
13.42,0.7496481810263159
13.43,0.7578133584881015
13.44,0.7651429303666353
13.450000000000001,0.7724725022451704
13.46,0.7798408530339092
13.47,0.787536482631919
13.48,0.7952321122299287
13.49,0.8028862434315253
13.5,0.8100842163466065
13.51,0.8172821892616878
13.52,0.8244801621767692
13.530000000000001,0.8319705226924146
13.540000000000001,0.8395863817209298
13.55,0.8472022407494451
13.56,0.855056703393842
13.57,0.8655545897140099
13.58,0.8760524760341779
13.59,0.8865503623543459
13.6,0.8976234132900761
13.61,0.908711276177504
13.620000000000001,0.9197991390649338
13.63,0.9317406667628226
13.64,0.9442759331103956
13.65,0.9568111994579686
13.66,0.9697449741030546
13.67,0.9832804944559228
13.68,0.9968160148087911
13.69,1.0100990078189218
13.700000000000001,1.022871006171474
13.71,1.035643004524024
13.72,1.048394616324337
13.73,1.0609568298663035
13.74,1.0735190434082702
13.75,1.0860812569502367
13.76,1.0964173588188308
13.77,1.1066284198116336
13.780000000000001,1.116839480804438
13.790000000000001,1.126498445837685
13.8,1.1356588750679966
13.81,1.144819304298308
13.82,1.153748556203964
13.83,1.1614771275300382
13.84,1.1692056988561126
13.85,1.176934270182187
13.86,1.1843967137764575
13.870000000000001,1.1916963808864722
13.88,1.1989960479964856
13.89,1.2063969258369032
13.9,1.2140900776951828
13.91,1.2217832295534627
13.92,1.2295006751850714
13.93,1.237315058538728
13.94,1.2451294418923846
13.950000000000001,1.2529438252460425
13.96,1.262471641017366
13.97,1.2720671861788984
13.98,1.2817229793954479
13.99,1.2921124959126915
14.0,1.3025020124299351
14.01,1.3129156777030342
14.02,1.3243201676722172
14.030000000000001,1.3357246576414024
14.040000000000001,1.3471291476105856
14.05,1.357698606263594
14.06,1.368216009985971
14.07,1.3787334137083482
14.08,1.3899995711853204
14.09,1.4018715895379958
14.1,1.4137436078906713
14.11,1.4234297470771327
14.120000000000001,1.431750434791237
14.13,1.4400711225053404
14.14,1.4483918102194435
14.15,1.4561514710924925
14.16,1.4637300598104923
14.17,1.471308648528492
14.18,1.4784664373259115
14.19,1.4849503560043174
14.200000000000001,1.4914342746827243
14.21,1.4973647021875007
14.22,1.5022456966521867
14.23,1.5071266911168728
14.24,1.5116440276794767
14.25,1.5152145668295485
14.26,1.5187851059796202
14.27,1.5222901176716317
14.280000000000001,1.5255061423729883
14.290000000000001,1.528722167074344
14.3,1.5319443106946276
14.31,1.5359357851510742
14.32,1.5399272596075206
14.33,1.5439187340639673
14.34,1.5487387492068019
14.35,1.553733287168261
14.36,1.55872782512972
14.370000000000001,1.5646166302741153
14.38,1.5720176513741941
14.39,1.5794186724742731
14.4,1.587137051392772
14.41,1.5954572556446547
14.42,1.6037774598965373
14.43,1.6123426501808131
14.44,1.622306861800909
14.450000000000001,1.6322710734210069
14.46,1.6422040437380516
14.47,1.6519363645541858
14.48,1.6616686853703202
14.49,1.67134139829841
14.5,1.6795997940461858
14.51,1.6878581897939615
14.52,1.696116585541737
14.530000000000001,1.7026577671504664
14.540000000000001,1.7085194921119444
14.55,1.7143812170734227
14.56,1.720242942034901
14.57,1.7252741203868116
14.58,1.730256494689208
14.59,1.7352388689916045
14.6,1.7387360367623368
14.61,1.741802447682456
14.620000000000001,1.744868858602576
14.63,1.7467094157879912
14.64,1.7474348502350505
14.65,1.74816028468211
14.66,1.748813669349378
14.67,1.7480325836116994
14.68,1.747251497874021
14.69,1.7464704121363424
14.700000000000001,1.7450204400162748
14.71,1.7435094844233054
14.72,1.7419985288303361
14.73,1.740351067676845
14.74,1.7386078986758209
14.75,1.736864729674797
14.76,1.7351500719219468
14.77,1.733511514501566
14.780000000000001,1.731872957081185
14.790000000000001,1.730343010613353
14.8,1.72905537325572
14.81,1.7277677358980867
14.82,1.7268889099920168
14.83,1.7264335560433015
14.84,1.725978202094586
14.85,1.7257081954843858
14.86,1.7257471422308621
14.870000000000001,1.7257860889773387
14.88,1.725788680689599
14.89,1.7254041267619948
14.9,1.7250195728343907
14.91,1.7246350189067865
14.92,1.723856880147503
14.93,1.7230716770621402
14.94,1.7222864739767771
14.950000000000001,1.7211508690276702
14.96,1.7193824295185756
14.97,1.7176139900094811
14.98,1.7158455505003865
14.99,1.7126736570972878
15.0,1.7094289613812137
15.01,1.7061842656651398
15.02,1.6114864150576564
15.030000000000001,1.392323143473364
15.040000000000001,1.1731598718891108
15.05,0.9539966003048571
15.06,0.842715033360888
15.07,0.846816878995743
15.08,0.8509187246305979
15.09,0.855020570265453
15.1,0.8591446039510138
15.11,0.8637447237911392
15.120000000000001,0.8683448436312655
15.13,0.872944963471391
15.14,0.8775310351120815
15.15,0.8807872154673793
15.16,0.8840433958226769
15.17,0.8872995761779746
15.18,0.8905557565332723
15.19,0.8941378060185202
15.200000000000001,0.8977421914677222
15.21,0.9013465769169235
15.22,0.9050871849004325
15.23,0.9089734843455437
15.24,0.9128597837906549
15.25,0.9167460832357661
15.26,0.9214476044392577
15.27,0.9263796718932144
15.280000000000001,0.9313117393471719
15.290000000000001,0.9362438068011287
15.3,0.9424526930469601
15.31,0.9489456363827622
15.32,0.9554385797185642
15.33,0.9619444219173282
15.34,0.9689419070364719
15.35,0.9759393921556155
15.36,0.9829368772747591
15.370000000000001,0.9896449895549786
15.38,0.9952902499812973
15.39,1.000935510407616
15.4,1.0065807708339347
15.41,1.0122260312602536
15.42,1.017172730378762
15.43,1.0219811167234978
15.44,1.0267895030682335
15.450000000000001,1.03159788941297
15.46,1.034339047777658
15.47,1.0368656444384257
15.48,1.0393922410991931
15.49,1.0419188377599606
15.5,1.0419708425050662
15.51,1.0418258593835577
15.52,1.0416808762620493
15.530000000000001,1.040980132351768
15.540000000000001,1.0380088622520183
15.55,1.0350375921522685
15.56,1.0320663220525188
15.57,1.0282009309277267
15.58,1.022204037452745
15.59,1.0162071439777633
15.6,1.0102102505027817
15.610000000000001,1.0029720785486158
15.620000000000001,0.9951361545494902
15.63,0.9873002305503646
15.64,0.9794643065512392
15.65,0.9705497889696433
15.66,0.9615284305550502
15.67,0.9525070721404573
15.68,0.9437343704728395
15.69,0.9363683168915216
15.700000000000001,0.9290022633102023
15.71,0.9216362097288843
15.72,0.9142701561475663
15.73,0.9066060051791985
15.74,0.8986171108234746
15.75,0.8906282164677507
15.76,0.8826393221120268
15.77,0.8753742555495079
15.780000000000001,0.8685161885755103
15.790000000000001,0.8616581216015139
15.8,0.854824619304563
15.81,0.8502063222913806
15.82,0.8455880252781982
15.83,0.8409697282650158
15.84,0.8366068989119754
15.85,0.8335141599334218
15.860000000000001,0.8304214209548676
15.870000000000001,0.827328681976314
15.88,0.8245877613263864
15.89,0.8223440777411676
15.9,0.8201003941559487
15.91,0.8178567105707298
15.92,0.8164297841311248
15.93,0.8150904479921183
15.94,0.8137511118531117
15.950000000000001,0.8125917819201653
15.96,0.8120049920425976
15.97,0.8114182021650297
15.98,0.8108314122874619
15.99,0.8104849857440305
16.0,0.8106404447113436
16.01,0.8107959036786566
16.02,0.8109513626459696
16.03,0.8111068216132827
16.04,0.8120543618837034
16.05,0.8131030958271988
16.06,0.8141518297706938
16.07,0.8152005637141891
16.080000000000002,0.8171627195908683
16.09,0.8195439842171856
16.1,0.8219252488435035
16.11,0.8243065134698206
16.12,0.8277478149608766
16.13,0.8311943614738281
16.14,0.8346409079867808
16.15,0.8381280266529761
16.16,0.8422632207292078
16.17,0.8463984148054393
16.18,0.8505336088816694
16.19,0.8547172179118687
16.2,0.8595966597455575
16.21,0.8644761015792481
16.22,0.869355543412937
16.23,0.87398661378452
16.240000000000002,0.8782242460081848
16.25,0.8824618782318481
16.26,0.8866995104555128
16.27,0.8905422773829436
16.28,0.8938482198716159
16.29,0.897154162360287
16.3,0.9004601048489593
16.31,0.9013965859351077
16.32,0.902055805010688
16.330000000000002,0.9027150240862682
16.34,0.9033742431618483
16.35,0.9034555834729927
16.36,0.9013808477277323
16.37,0.8993061119824712
16.38,0.8972313762372108
16.39,0.8944791927780582
16.4,0.8889796690883175
16.41,0.8834801453985749
16.42,0.8779806217088322
16.43,0.8712443840007088
16.44,0.8626565403599936
16.45,0.8540686967192815
16.46,0.8454808530785664
16.47,0.8351262342244674
16.48,0.8235970467873359
16.490000000000002,0.8120678593502044
16.5,0.800538671913077
16.51,0.7882186961269714
16.52,0.7758833527514477
16.53,0.7635480093759197
16.54,0.7511891619795338
16.55,0.7387061951185375
16.56,0.7262232282575458
16.57,0.7137402613965496
16.580000000000002,0.701301111986533
16.59,0.6889820633314326
16.6,0.676663014676328
16.61,0.6643439660212277
16.62,0.6555302157476623
16.63,0.6485008325569266
16.64,0.6414714493661884
16.65,0.6344420661754526
16.66,0.6274126829847144
16.67,0.6200951924662989
16.68,0.6125551705402185
16.69,0.6050151486141354
16.7,0.597475126688055
16.71,0.5929989141022158
16.72,0.5885598409597704
16.73,0.5841207678173235
16.740000000000002,0.5796816946748764
16.75,0.575533272626953
16.76,0.5715050839076302
16.77,0.5674768951883088
16.78,0.5634487064689859
16.79,0.5591895358142733
16.8,0.554842592032398
16.81,0.5504956482505243
16.82,0.5461464430145326
16.830000000000002,0.5414452003847467
16.84,0.5367439577549626
16.85,0.5320427151251768
16.86,0.5273450753277178
16.87,0.5226613300065582
16.88,0.5179775846854003
16.89,0.5132938393642408
16.9,0.5090897654118404
16.91,0.505604185763041
16.92,0.5021186061142415
16.93,0.4986330264654434
16.94,0.49719961517491884
16.95,0.4966074723880678
16.96,0.4960153296012165
16.97,0.49542318681436553
16.98,0.49483104402751427
16.990000000000002,0.4971703268037075
17.0,0.5004372554979737
17.01,0.503704184192241
17.02,0.5085720550201983
17.03,0.515551972812801
17.04,0.5225318906054011
17.05,0.5295118083980036
17.06,0.538309849830947
17.07,0.5477231872588983
17.080000000000002,0.5571365246868498
17.09,0.5665498621147979
17.1,0.5776071728166395
17.11,0.5889755422015429
17.12,0.6003439115864504
17.13,0.6114285869393027
17.14,0.6215665025732374
17.150000000000002,0.6317044182071722
17.16,0.6418423338411033
17.17,0.6505922381261496
17.18,0.6580902874471288
17.19,0.6655883367681107
17.2,0.6725458577024807
17.21,0.6748078017197298
17.22,0.6770697457369781
17.23,0.6793316897542272
17.240000000000002,0.6795412679818063
17.25,0.6766507680377888
17.26,0.6737602680937703
17.27,0.6708697681497529
17.28,0.6672513579805256
17.29,0.6554819225520203
17.3,0.6437124871235107
17.31,0.6307415724378888
17.32,0.6133574409857282
17.330000000000002,0.5959733095335678
17.34,0.5772350247896414
17.35,0.5523997068853765
17.36,0.5275643889811206
17.37,0.5004389642935374
17.38,0.47018349211067845
17.39,0.43992801992780867
17.400000000000002,0.40870593467448724
17.41,0.377231795746898
17.42,0.34574274926565174
17.43,0.3141276756140661
17.44,0.2825126019624693
17.45,0.2533310198031126
17.46,0.22718810503700815
17.47,0.201045190270913
17.48,0.17551269192710436
17.490000000000002,0.1506271287774085
17.5,0.12574156562772146
17.51,0.10976976151831734
17.52,0.09467864678616869
17.53,0.08082712103563502
17.54,0.07635166137915506
17.55,0.0718762017226735
17.56,0.06740074206619352
17.57,0.06719284162349226
17.580000000000002,0.06781573456045803
17.59,0.06838438372852039
17.6,0.06873736285424743
17.61,0.06909034197997435
17.62,0.06950812408293755
17.63,0.069994031983727
17.64,0.07047993988451663
17.650000000000002,0.07473642842945112
17.66,0.08016921171696598
17.67,0.08560199500448276
17.68,0.09906859266022988
17.69,0.11305987236205872
17.7,0.12853650176269354
17.71,0.14818363003926566
17.72,0.16783075831583077
17.73,0.18886498013194267
17.740000000000002,0.2106848678517675
17.75,0.2325047555715846
17.76,0.2537368260240744
17.77,0.2749406468524635
17.78,0.2961515693595445
17.79,0.3174079774913561
17.8,0.33866438562317525
17.81,0.3587567901308029
17.82,0.37757320815632234
17.830000000000002,0.39638962618184176
17.84,0.4141038040255258
17.85,0.4312253450891701
17.86,0.44834688615280827
17.87,0.4614640176884668
17.88,0.47433105683811
17.89,0.48695735026266695
17.900000000000002,0.4962152300789157
17.91,0.5054731098951613
17.92,0.51473098971141
17.93,0.5222027108070622
17.94,0.529512200143621
17.95,0.535832552152024
17.96,0.5393153857103662
17.97,0.5427982192687072
17.98,0.5451105547441276
17.990000000000002,0.5458260230680053
18.0,0.5465414913918828
18.01,0.5457196086199113
18.02,0.544464911917229
18.03,0.5432102152145462
18.04,0.5411871324259029
18.05,0.5390550777398817
18.06,0.5369230230538613
18.07,0.5348519455673296
18.080000000000002,0.5327814373673297
18.09,0.531013838323564
18.1,0.5300327456557117
18.11,0.5290516529878596
18.12,0.5292409171386713
18.13,0.5299839912430607
18.14,0.5307270653474504
18.150000000000002,0.5327402163511067
18.16,0.5349359587532461
18.17,0.5371317011553862
18.18,0.540657200675622
18.19,0.5450185227963127
18.2,0.549379844917002
18.21,0.5550384977621048
18.22,0.5607895059467375
18.23,0.5667186793934165
18.240000000000002,0.5730890754952823
18.25,0.5794594715971458
18.26,0.5862488273970949
18.27,0.5934553989675674
18.28,0.6006619705380424
18.29,0.608674176735396
18.3,0.6169390683880652
18.31,0.6252527677869755
18.32,0.6338793834498156
18.330000000000002,0.6425059991126559
18.34,0.6511734054336483
18.35,0.6599227982847867
18.36,0.6686721911359219
18.37,0.6774416318589737
18.38,0.6862714938807767
18.39,0.6951013559025829
18.400000000000002,0.7039312179243891
18.41,0.7135957910298355
18.42,0.7234899257298586
18.43,0.7333840604298781
18.44,0.7433930516471133
18.45,0.7536513373929558
18.46,0.763909623138802
18.47,0.7741679088846445
18.48,0.785432566417749
18.490000000000002,0.7970360803358187
18.5,0.8086395942538844
18.51,0.8208167231828287
18.52,0.8334912385915452
18.53,0.8461657540002663
18.54,0.8567724658766197
18.55,0.866464132517645
18.56,0.8761557991586667
18.57,0.8855631936894772
18.580000000000002,0.8943650476345292
18.59,0.9031669015795779
18.6,0.9115796359578889
18.61,0.9182490007169781
18.62,0.9249183654760698
18.63,0.931587730235159
18.64,0.9362189242967963
18.650000000000002,0.9406353272921739
18.66,0.94505173028755
18.67,0.9492598483003344
18.68,0.952739612391801
18.69,0.9562193764832689
18.7,0.9596620096366143
18.71,0.9621129707965934
18.72,0.9645639319565718
18.73,0.967014893116551
18.740000000000002,0.9687114787620459
18.75,0.9702833452202868
18.76,0.9718552116785283
18.77,0.9734116805493988
18.78,0.9749542908084479
18.79,0.9764969010674965
18.8,0.9781680679619291
18.81,0.9800813289161777
18.82,0.981994589870427
18.830000000000002,0.9839066681678248
18.84,0.9858134514442224
18.85,0.9877202347206208
18.86,0.9896270179970184
18.87,0.9924253861349474
18.88,0.9952994402146983
18.89,0.9981734942944503
18.900000000000002,1.0013537873006517
18.91,1.0045492182163696
18.92,1.0077446491320883
18.93,1.0108609589310498
18.94,1.0138954627048198
18.95,1.0169299664785887
18.96,1.0199719143291537
18.97,1.023790996179951
18.98,1.0276100780307496
18.990000000000002,1.031429159881548
19.0,1.0352860978532088
19.01,1.039145103721285
19.02,1.0430041095893599
19.03,1.0465011080483406
19.04,1.0497781144239742
19.05,1.0530551207996088
19.06,1.0562891216581107
19.07,1.0594381099720251
19.080000000000002,1.0625870982859393
19.09,1.0657360865998526
19.1,1.069602224702128
19.11,1.0735115030282145
19.12,1.0773718689116154
19.13,1.081052181698842
19.14,1.0847324944860701
19.150000000000002,1.0884128072732984
19.16,1.0917723636171501
19.17,1.0950694798442313
19.18,1.0983665960713116
19.19,1.101810124772747
19.2,1.105684864700399
19.21,1.109559604628052
19.22,1.1132147462213637
19.23,1.1162437770984739
19.240000000000002,1.119272807975584
19.25,1.1223018388526929
19.26,1.1252287371245777
19.27,1.1280305817928808
19.28,1.130832426461185
19.29,1.1335727408037832
19.3,1.1355159620851545
19.31,1.1374591833665249
19.32,1.1393522413334962
19.330000000000002,1.1401824338857187
19.34,1.1410126264379412
19.35,1.1418428189901637
19.36,1.1415904589230503
19.37,1.1412009618311052
19.38,1.1408114647391603
19.39,1.1404219676472154
19.400000000000002,1.1390867960514344
19.41,1.1373831842844537
19.42,1.1356795725174726
19.43,1.133975960750492
19.44,1.1320842249389167
19.45,1.130165034418576
19.46,1.1282458438982348
19.47,1.1263266533778942
19.48,1.1243809364690602
19.490000000000002,1.1209035973909136
19.5,1.1174262583127683
19.51,1.1139489192346217
19.52,1.04462890974074
19.53,0.9017956330880061
19.54,0.7589623564353231
19.55,0.6161290797825894
19.56,0.5298625880295367
19.57,0.5318714646561892
19.580000000000002,0.5338803412828416
19.59,0.5358892179094933
19.6,0.538141210912188
19.61,0.5406028618115996
19.62,0.543064512711012
19.63,0.5455261636104234
19.64,0.5457607537152557
19.650000000000002,0.5458559446565003
19.66,0.5459511355977449
19.67,0.5459735200730971
19.68,0.5453209948799754
19.69,0.5446684696868535
19.7,0.5440159444937318
19.71,0.5433060641301438
19.72,0.5425443643378128
19.73,0.5417826645454816
19.740000000000002,0.5410209647531504
19.75,0.5404909915810859
19.76,0.540049997459841
19.77,0.5396090033385962
19.78,0.5391680092173512
19.79,0.5387580085975957
19.8,0.5391611905236738
19.81,0.5395643724497519
19.82,0.5399675543758299
19.830000000000002,0.540370736301908
19.84,0.5418547298644648
19.85,0.5436483740994613
19.86,0.5454420183344572
19.87,0.5472356625694537
19.88,0.5493611602283237
19.89,0.5530108193709861
19.900000000000002,0.5566604785136484
19.91,0.5603101376563094
19.92,0.5642436338668066
19.93,0.5689078697214848
19.94,0.5735721055761644
19.95,0.5782363414308426
19.96,0.5829946382449641
19.97,0.5882409950097476
19.98,0.5934873517745329
19.990000000000002,0.5987337085393183
20.0,0.6037640817407837
20.01,0.6083499803227314
20.02,0.6129358789046775
20.03,0.6175217774866252
20.04,0.6211747214914931
20.05,0.6239043734255846
20.06,0.6266340253596753
20.07,0.6293636772937667
20.080000000000002,0.6315893512675927
20.09,0.6323078746288215
20.1,0.6330263979900506
20.11,0.6337449213512792
20.12,0.6344634447125083
20.13,0.6335536968406741
20.14,0.6318361580761145
20.150000000000002,0.6301186193115549
20.16,0.628401080546996
20.17,0.6244358375353675
20.18,0.6204616192579818
20.19,0.6164874009805947
20.2,0.6121224175656642
20.21,0.6058959350792733
20.22,0.5996694525928846
20.23,0.5934429701064937
20.240000000000002,0.5866400882368994
20.25,0.5789265885718756
20.26,0.5712130889068491
20.27,0.5634995892418253
20.28,0.5553335846715658
20.29,0.5467199793318344
20.3,0.5381063739920999
20.31,0.5294927686523685
20.32,0.5217178438882772
20.330000000000002,0.5141406633865917
20.34,0.5065634828849089
20.35,0.4989863023832235
20.36,0.49285960228712317
20.37,0.4869213788066499
20.38,0.48098315532617875
20.39,0.4750449318457055
20.400000000000002,0.47122016589040083
20.41,0.46754156183593465
20.42,0.4638629577814672
20.43,0.460184353727001
20.44,0.4581154000601093
20.45,0.45636261457563726
20.46,0.45460982909116465
20.47,0.4528570436066926
20.48,0.4514701324190627
20.490000000000002,0.4505222294030289
20.5,0.4495743263869954
20.51,0.4486264233709616
20.52,0.44761161682465606
20.53,0.44658859679644636
20.54,0.445565576768237
20.55,0.4444329771047886
20.56,0.4428631718816505
20.57,0.4412933666585118
20.580000000000002,0.43972356143537317
20.59,0.4378293643528192
20.6,0.43501259355503624
20.61,0.4321958227572542
20.62,0.42937905195947124
20.63,0.42620767237302076
20.64,0.4229492360509006
20.650000000000002,0.41969079972878043
20.66,0.41643281958708345
20.67,0.4131828233450756
20.68,0.4099328271030689
20.69,0.40668283086106105
20.7,0.404103849850998
20.71,0.4025383951703908
20.72,0.40097294048978416
20.73,0.39940748580917695
20.740000000000002,0.39784203112856975
20.75,0.397021316942427
20.76,0.39700866337452123
20.77,0.3969960098066155
20.78,0.39698335623870973
20.79,0.39874403446314044
20.8,0.4013223594492724
20.81,0.4039006844354035
20.82,0.4064790094215355
20.830000000000002,0.4111976461095505
20.84,0.4160589393177463
20.85,0.42092023252594385
20.86,0.42596482765414867
20.87,0.4319242382069625
20.88,0.43788364875977426
20.89,0.4438430593125881
20.900000000000002,0.44988511903555994
20.91,0.45609849847251666
20.92,0.4623118779094756
20.93,0.4685252573464323
20.94,0.47352506215201184
20.95,0.47816622237202294
20.96,0.4828073825920357
20.97,0.48729778312562894
20.98,0.48961119080777127
20.990000000000002,0.4919245984899136
21.0,0.4942380061720551
21.01,0.49549786093215564
21.02,0.49507323279567234
21.03,0.494648604659189
21.04,0.49422397652270567
21.05,0.49379934838622225
21.06,0.4922889502366214
21.07,0.48858430582008333
21.080000000000002,0.4848796614035453
21.09,0.4811750169870086
21.1,0.4753852164044581
21.11,0.4688410143619354
21.12,0.4622968123194105
21.13,0.4555332145471469
21.14,0.44699803533014737
21.150000000000002,0.43846285611314784
21.16,0.42992767689615136
21.17,0.42077894611787997
21.18,0.41047199072463075
21.19,0.4001650353313778
21.2,0.3898580799381286
21.21,0.3792007774296298
21.22,0.3683879097886608
21.23,0.35757504214768787
21.240000000000002,0.34676275406343515
21.25,0.3367341309693531
21.26,0.3267055078752675
21.27,0.31667688478118544
21.28,0.3066692740935154
21.29,0.2967931416715388
21.3,0.28691700924955865
21.31,0.27704087682758205
21.32,0.26940987854126125
21.330000000000002,0.26321865959900553
21.34,0.257027440656752
21.35,0.2508362217144962
21.36,0.2446450027722427
21.37,0.23847768823578488
21.38,0.23231279795275298
21.39,0.22614790766971887
21.400000000000002,0.22019828472931438
21.41,0.21532905313636422
21.42,0.21045982154341236
21.43,0.20559058995046223
21.44,0.20161475486859637
21.45,0.19851394522325683
21.46,0.1954131355779162
21.47,0.19231232593257666
21.48,0.18925511652887755
21.490000000000002,0.18643877489633984
21.5,0.18362243326380312
21.51,0.18080609163126538
21.52,0.1792653267765982
21.53,0.1780464097545022
21.54,0.17682749273240664
21.55,0.17567331959969235
21.56,0.17637965383193088
21.57,0.17708598806416967
21.580000000000002,0.17779232229640848
21.59,0.17863314882588485
21.6,0.18184236846850457
21.61,0.18505158811112318
21.62,0.18826080775374293
21.63,0.19176753324191495
21.64,0.19572225227550138
21.650000000000002,0.19967697130908782
21.66,0.20363169034267287
21.67,0.2075864093762593
21.68,0.212469261727199
21.69,0.21977045523479943
21.7,0.22707164874239727
21.71,0.2343728422499977
21.72,0.24154655689936383
21.73,0.24867170945507552
21.740000000000002,0.2557968620107872
21.75,0.26292201456649633
21.76,0.26991527605453547
21.77,0.2768672203599405
21.78,0.283819164665348
21.79,0.29077110897075303
21.8,0.2972999276406837
21.81,0.3037450633407142
21.82,0.31019019904074696
21.830000000000002,0.3163895360973151
21.84,0.3211978419675584
21.85,0.3260061478378034
21.86,0.3308144537080467
21.87,0.3351630167349707
21.88,0.3384247629732822
21.89,0.3416865092115949
21.900000000000002,0.3449482554499076
21.91,0.3471354413845711
21.92,0.348575981389932
21.93,0.35001652139529243
21.94,0.35145706140065336
21.95,0.351569762765653
21.96,0.35137551408098855
21.97,0.35118126539632416
21.98,0.3509870167116597
21.990000000000002,0.3507927680269952
22.0,0.34942207443661494
22.01,0.3476286190367949
22.02,0.3458351636369755
22.03,0.34390969642785685
22.04,0.34120150223675366
22.05,0.3384933080456495
22.06,0.3357851138545463
22.07,0.33285451459459775
22.080000000000002,0.32953278274752795
22.09,0.3262110509004594
22.1,0.32288931905338963
22.11,0.3197074885641434
22.12,0.3165880235552231
22.13,0.31346855854630384
22.14,0.31034909353738355
22.150000000000002,0.30766675229636187
22.16,0.30507627481836636
22.17,0.3024857973403699
22.18,0.2998953198623744
22.19,0.29819541823115675
22.2,0.29651705452485355
22.21,0.29483869081854974
22.22,0.2933839352173603
22.23,0.29288460086715934
22.240000000000002,0.2923852665169584
22.25,0.2918859321667577
22.26,0.29180916902400295
22.27,0.292419195570251
22.28,0.2930292221164992
22.29,0.2936392486627472
22.3,0.2942492752089954
22.31,0.2959139052925935
22.32,0.29768934314980267
22.330000000000002,0.29946478100701185
22.34,0.30124021886422037
22.35,0.30394943837867594
22.36,0.30671416280539965
22.37,0.30947888723212436
22.38,0.31224361165884806
22.39,0.31618555161362116
22.400000000000002,0.32014032722243396
22.41,0.32409510283124543
22.42,0.32840825743345187
22.43,0.3332256972165735
22.44,0.3380431369996969
22.45,0.3428605767828186
22.46,0.3477051256275015
22.47,0.35255268344781854
22.48,0.3574002412681373
22.490000000000002,0.36224779908845606
22.5,0.367989685897578
22.51,0.373798041876255
22.52,0.37960639785492994
22.53,0.3853919802702714
22.54,0.3911260879779218
22.55,0.39686019568557424
22.56,0.40259430339322466
22.57,0.40812292704580705
22.580000000000002,0.41331479036019986
22.59,0.4185066536745909
22.6,0.42369851698898375
22.61,0.4288903803033748
22.62,0.4348818552337182
22.63,0.4409426722336921
22.64,0.4470034892336681
22.650000000000002,0.45298479558884996
22.66,0.45815017908479333
22.67,0.4633155625807385
22.68,0.46848094607668184
22.69,0.47364632957262703
22.7,0.47915349660922557
22.71,0.4847948505727686
22.72,0.49043620453630965
22.73,0.49607755849985274
22.740000000000002,0.5013971092615536
22.75,0.5067105879368519
22.76,0.512024066612152
22.77,0.5171215646172099
22.78,0.5218424712165654
22.79,0.526563377815919
22.8,0.5312842844152743
22.81,0.5353353064963654
22.82,0.5392096967656113
22.830000000000002,0.5430840870348572
22.84,0.5469429857444328
22.85,0.5501640848088573
22.86,0.5533851838732805
22.87,0.556606282937705
22.88,0.5595360955213697
22.89,0.561666232757902
22.900000000000002,0.5637963699944342
22.91,0.5659265072309656
22.92,0.5680566444674977
22.93,0.5702592896054531
22.94,0.5725129035421277
22.95,0.5747665174788016
22.96,0.5770201314154761
22.97,0.5790811256730597
22.98,0.581097936960901
22.990000000000002,0.5831147482487421
23.0,0.5850619114626192
23.01,0.5868525430715915
23.02,0.588643174680563
23.03,0.5904338062895352
23.04,0.5920618702811454
23.05,0.5936170247948825
23.06,0.5951721793086192
23.07,0.5967273338223563
23.080000000000002,0.5983305333016091
23.09,0.5999612427114001
23.1,0.6015919521211918
23.11,0.6032226615309827
23.12,0.6049595985082429
23.13,0.606712957490573
23.14,0.6084663164729038
23.150000000000002,0.6102310751340965
23.16,0.6120667618235996
23.17,0.6139024485131034
23.18,0.6157381352026066
23.19,0.6174426188468302
23.2,0.6188211668816626
23.21,0.6201997149164955
23.22,0.6215782629513279
23.23,0.6229568109861607
23.240000000000002,0.6244259086339938
23.25,0.6263222167621906
23.26,0.6282185248903879
23.27,0.6301148330185845
23.28,0.6320302252133333
23.29,0.6340303929984277
23.3,0.6360305607835227
23.31,0.6380307285686171
23.32,0.64001935542268
23.330000000000002,0.6419913200051071
23.34,0.6439632845875335
23.35,0.6459352491699606
23.36,0.6479993890718779
23.37,0.6502075185381778
23.38,0.652415648004477
23.39,0.6546237774707769
23.400000000000002,0.6567439146876692
23.41,0.6588190646034795
23.42,0.6608942145192904
23.43,0.6629665313457614
23.44,0.6648538504737236
23.45,0.6667411696016851
23.46,0.6686284887296472
23.47,0.6705110600778013
23.48,0.6722468812333566
23.490000000000002,0.6739827023889121
23.5,0.6757185235444669
23.51,0.6773708591212148
23.52,0.6785889399320776
23.53,0.6798070207429409
23.54,0.6810251015538037
23.55,0.6822431823646669
23.56,0.6834747373016885
23.57,0.6849960790522361
23.580000000000002,0.6865174208027838
23.59,0.6880387625533309
23.6,0.6894478134662654
23.61,0.6907424393289041
23.62,0.6920370651915433
23.63,0.693331691054182
23.64,0.6941544444389616
23.650000000000002,0.6948214905071252
23.66,0.6954885365752885
23.67,0.6826978682616615
23.68,0.6140186658633341
23.69,0.5453394634649823
23.7,0.47666026106665493
23.71,0.40903004491776573
23.72,0.3420783317948866
23.73,0.27512661867198374
23.740000000000002,0.20817490554908083
23.75,0.19045849115565397
23.76,0.1890025826278308
23.77,0.1875466741000081
23.78,0.1860907655721849
23.79,0.18599607894345868
23.8,0.18627259404913915
23.81,0.18654910915481954
23.82,0.18672164494387644
23.830000000000002,0.18659634178242007
23.84,0.18647103862096373
23.85,0.18634573545950736
23.86,0.18622043229805102
23.87,0.1857344556088672
23.88,0.18409513350996698
23.89,0.18245581141106615
23.900000000000002,0.18081648931216532
23.91,0.1781491538789373
23.92,0.17517709358913275
23.93,0.17220503329932926
23.94,0.16970202579891236
23.95,0.1704769112882561
23.96,0.1712517967776001
23.97,0.17202668226694381
23.98,0.1729709926121065
23.990000000000002,0.17512476771139612
24.0,0.17727854281068497
24.01,0.1794323179099746
24.02,0.19573243320459674
24.03,0.22145337485480393
24.04,0.247174316505002
24.05,0.2728952581552092
24.060000000000002,0.27599299115526293
24.07,0.2726982091419966
24.080000000000002,0.26940342712872906
24.09,0.2661086451154627
24.1,0.27313060399923345
24.11,0.2849550294555669
24.12,0.2967794549119046
24.13,0.30860388036823805
24.14,0.326504498246243
24.150000000000002,0.3452705708402958
24.16,0.36403664343434194
24.17,0.3828027160283947
24.18,0.40156878862244083
24.19,0.4767585617112504
24.2,0.5582915952573329
24.21,0.6398246288034444
24.22,0.7102711023106308
24.23,0.6891221843228745
24.240000000000002,0.6679732663351181
24.25,0.6468243483473692
24.26,0.6533696727695693
24.27,0.7378536153762862
24.28,0.8223375579830333
24.29,0.9068215005897502
24.3,0.9669703368981113
24.310000000000002,0.8601030928466755
24.32,0.7532358487952776
24.330000000000002,0.6463686047438418
24.34,0.5452761961580622
24.35,0.46284287482814535
24.36,0.3804095534982578
24.37,0.2979762321683409
24.38,0.30082545220091345
24.39,0.4295857562290759
24.400000000000002,0.5583460602572384
24.41,0.6871063642853552
24.42,0.6829230994971757
24.43,0.5990393238879661
24.44,0.5151555482787267
24.45,0.431271772669517
24.46,0.360949075863033
24.47,0.29762768340024276
24.48,0.23430629093743
24.490000000000002,0.17098489847461723
24.5,0.10766350601182695
24.51,0.0925407114238417
24.52,0.09231839023197735
24.53,0.09209606904011293
24.54,0.09187374784824859
24.55,0.08853354871881351
24.560000000000002,0.0812885417927928
24.57,0.07404353486677465
24.580000000000002,0.06679852794075393
24.59,0.06656483901696428
24.6,0.06859908114804454
24.61,0.07063332327912407
24.62,0.07565370570165623
24.63,0.12384636441437136
24.64,0.17203902312710362
24.650000000000002,0.22023168183983588
24.66,0.26079139094784065
24.67,0.2327490088291017
24.68,0.20470662671037274
24.69,0.17666424459163382
24.7,0.15188909443169246
24.71,0.13449557181791674
24.72,0.11710204920414718
24.73,0.09970852659037147
24.740000000000002,0.08654809203282818
24.75,0.07655475346046367
24.76,0.0665614148880956
24.77,0.05656807631573109
24.78,0.08190972218301304
24.79,0.12080081161296638
24.8,0.15969190104293354
24.810000000000002,0.19858299047290073
24.82,0.22326694927048202
24.830000000000002,0.20599815573755362
24.84,0.18872936220463135
24.85,0.17146056867170295
24.86,0.15419177513878068
24.87,0.13801910649591356
24.88,0.1219379780930866
24.89,0.1058568496902539
24.900000000000002,0.0931335533741116
24.91,0.09046827679137377
24.92,0.087803000208635
24.93,0.0851377236258972
24.94,0.1063709698270422
24.95,0.17272446515371825
24.96,0.23907796048041788
24.97,0.30543145580709397
24.98,0.3260463384075206
24.990000000000002,0.2775823493017766
25.0,0.2291183601960498
25.01,0.1806543710903058
25.02,0.14618943358265155
25.03,0.12415102480889004
25.04,0.10211261603513636
25.05,0.08007420726137483
25.060000000000002,0.06856005433869145
25.07,0.06113874269595617
25.080000000000002,0.05371743105321826
25.09,0.04629611941048299
25.1,0.04114049771238059
25.11,0.036852318940727255
25.12,0.032564140169072386
25.13,0.028275961397419048
25.14,0.023987782625764186
25.150000000000002,0.022303773171639934
25.16,0.021063781200872368
25.17,0.019823789230104364
25.18,0.018598793435758976
25.19,0.01762183367399335
25.2,0.016644873912228075
25.21,0.01566791415046245
25.22,0.014705582424554884
25.23,0.013852534778055193
25.240000000000002,0.012999487131555501
25.25,0.012146439485056112
25.26,0.014912622723951535
25.27,0.024289245746015722
25.28,0.033665868768083244
25.29,0.043042491790147436
25.3,0.046161167953833314
25.310000000000002,0.04114974814712198
25.32,0.036138328340412425
25.330000000000002,0.03112690853370109
25.34,0.05826884109230265
25.35,0.09736450288961977
25.36,0.136460164686923
25.37,0.17555582648424012
25.38,0.17413341168593308
25.39,0.1562217235256024
25.400000000000002,0.13831003536527176
25.41,0.12039834720494745
25.42,0.10611599828242939
25.43,0.0930007998239788
25.44,0.07988560136552356
25.45,0.06677040290707296
25.46,0.053655204448617724
25.47,0.07255506076624077
25.48,0.14144878881898743
25.490000000000002,0.2103425168717341
25.5,0.2792362449244563
25.51,0.28406886832290623
25.52,0.26413026838021836
25.53,0.24419166843752346
25.54,0.22425306849483562
25.55,0.20211381065328202
25.560000000000002,0.17589918432704668
25.57,0.14968455800082067
25.580000000000002,0.12346993167458536
25.59,0.09725530534835936
25.6,0.1404963415718779
25.61,0.1963322981704277
25.62,0.2521682547689973
25.63,0.29866579708477187
25.64,0.28193301123354203
25.650000000000002,0.2652002253823122
25.66,0.2484674395310883
25.67,0.23132072172622736
25.68,0.2075024622234416
25.69,0.18368420272064737
25.7,0.15986594321786157
25.71,0.13628703136511633
25.72,0.12200111684008712
25.73,0.10771520231505283
25.740000000000002,0.09342928779001855
25.75,0.07914337326498935
25.76,0.08112585378766102
25.77,0.09547882771714353
25.78,0.10983180164663114
25.79,0.12418477557611365
25.8,0.13853774950560127
25.810000000000002,0.13317060110757986
25.82,0.11999289383632672
25.830000000000002,0.10681518656506889
25.84,0.09363747929381575
25.85,0.09098746917961568
25.86,0.08924013258316105
25.87,0.0874927959867058
25.88,0.08568309943577082
25.89,0.07839221229032466
25.900000000000002,0.07110132514487848
25.91,0.0638104379994349
25.92,0.056519550853988715
25.93,0.07524776309001474
25.94,0.10727716953237035
25.95,0.13930657597471455
25.96,0.17133598241707015
25.97,0.16249816311514995
25.98,0.14053837903516353
25.990000000000002,0.11857859495517709
26.0,0.09661881087519845
26.01,0.08169502204491769
26.02,0.06787428863785547
26.03,0.05405355523078832
26.04,0.04072759877698942
26.05,0.17075828367534973
26.060000000000002,0.30078896857371007
26.07,0.4308196534720241
26.080000000000002,0.5535404326406523
26.09,0.49604483582244135
26.1,0.43854923900420995
26.11,0.381053642185999
26.12,0.32355804536776755
26.13,0.26606244854955663
26.14,0.21309476207773925
26.150000000000002,0.16087975810924068
26.16,0.10866475414076066
26.17,0.056449750172262086
26.18,0.05159011018076456
26.19,0.0484536522972761
26.2,0.04531719441378875
26.21,0.04234285776479783
26.22,0.04009437049337312
26.23,0.03784588322194761
26.240000000000002,0.0355973959505221
26.25,0.03357141103700681
26.26,0.031840764668643065
26.27,0.03011011830027994
26.28,0.028379471931916197
26.29,0.026806094711618673
26.3,0.02538792175260248
26.310000000000002,0.023969748793586293
26.32,0.02255157583457061
26.330000000000002,0.021344853071384732
26.34,0.020251911551476806
26.35,0.019158970031568495
26.36,0.01806602851166057
26.37,0.01712298261380838
26.38,0.016264445434676554
26.39,0.015405908255544422
26.400000000000002,0.01454737107641229
26.41,0.01384885766696591
26.42,0.013291052265697934
26.43,0.012733246864430154
26.44,0.012175441463162177
26.45,0.011617636061894398
26.46,0.011054760271947867
26.47,0.010484153836075887
26.48,0.009913547400203702
26.490000000000002,0.009342940964331518
26.5,0.008936807576673925
26.51,0.009170631211238133
26.52,0.009404454845802258
26.53,0.009638278480366465
26.54,0.01666588442284746
26.55,0.06287754884284183
26.560000000000002,0.1090892132628362
26.57,0.15530087768281417
26.580000000000002,0.20002630092993534
26.59,0.1865871759738172
26.6,0.17314805101769426
26.61,0.15970892606157613
26.62,0.14642069092430807
26.63,0.13447373839599272
26.64,0.12252678586767315
26.650000000000002,0.11057983333935359
26.66,0.0996354849101142
26.67,0.09623771126898574
26.68,0.09283993762785848
26.69,0.08944216398673002
26.7,0.11110324449878595
26.71,0.17774576166724435
26.72,0.24438827883567904
26.73,0.3110307960041374
26.740000000000002,0.3373442587995956
26.75,0.30769799364030037
26.76,0.27805172848099463
26.77,0.24840546332169944
26.78,0.21875919816239367
26.79,0.18918980514927947
26.8,0.16098035150845985
26.810000000000002,0.13277089786764024
26.82,0.10456144422683064
26.830000000000002,0.08094166113736737
26.84,0.07045356585839084
26.85,0.05996547057941058
26.86,0.04947737530043406
26.87,0.04174496027635899
26.88,0.03885291198946427
26.89,0.03596086370256852
26.900000000000002,0.033068815415672775
26.91,0.03486073624897175
26.92,0.04119083875389046
26.93,0.04752094125880692
26.94,0.053851043763725626
26.95,0.07300942470946392
26.96,0.09955717973681304
26.97,0.12610493476415272
26.98,0.15265268979150182
26.990000000000002,0.15714465769147032
27.0,0.14098892614883307
27.01,0.12483319460619008
27.02,0.10867746306355283
27.03,0.09396691494442089
27.04,0.0804897361873394
27.05,0.06701255743025314
27.060000000000002,0.05353537867316688
27.07,0.10029725203927273
27.080000000000002,0.2032008300533591
27.09,0.3061044080674089
27.1,0.40900798608149525
27.11,0.5119115640955451
27.12,0.5395937052921084
27.13,0.4650154834139227
27.14,0.3904372615357105
27.150000000000002,0.31585903965749834
27.16,0.2513529033331922
27.17,0.19455529985208336
27.18,0.13775769637099475
27.19,0.08096009288988593
27.2,0.0510343395872855
27.21,0.047967326199173724
27.22,0.04490031281106304
27.23,0.04183329942295126
27.240000000000002,0.03952846538078421
27.25,0.03750528119658561
27.26,0.03548209701238629
27.27,0.03345891282818769
27.28,0.0316520057512307
27.29,0.02993288390323476
27.3,0.028213762055238213
27.310000000000002,0.02649464020724166
27.32,0.02511765333088219
27.330000000000002,0.02377093496245757
27.34,0.02242421659403343
27.35,0.02108415279055493
27.36,0.02008588109902669
27.37,0.019087609407498093
27.38,0.018089337715969853
27.39,0.017091066024441257
27.400000000000002,0.016334070983835207
27.41,0.01563584712170213
27.42,0.014937623259568805
27.43,0.014239399397435728
27.44,0.013541175535302402
27.45,0.013005855751602092
27.46,0.012473977458101883
27.47,0.011942099164601866
27.48,0.01141022087110166
27.490000000000002,0.010878342577601454
27.5,0.010321333200226844
27.51,0.009761615061601014
27.52,0.009201896922975381
27.53,0.008650890024947637
27.54,0.008301418199041016
27.55,0.007951946373134271
27.560000000000002,0.007602474547227525
27.57,0.007253002721320904
27.580000000000002,0.006903530895414159
27.59,0.006500986442271175
27.6,0.006097080460241452
27.61,0.0056931744782118725
27.62,0.005313235406527344
27.63,0.0050124695592952
27.64,0.00471170371206295
27.650000000000002,0.004410937864830699
27.66,0.004110172017598556
27.67,0.014544853760126694
27.68,0.02927518788697443
27.69,0.0440055220138274
27.7,0.05873585614067514
27.71,0.061529886281520486
27.72,0.05949710698932667
27.73,0.05746432769713213
27.740000000000002,0.055431548404937594
27.75,0.05339876911274377
27.76,0.051795847495129096
27.77,0.0619876795044476
27.78,0.07217951151376972
27.79,0.08237134352308821
27.8,0.09256317553241034
27.810000000000002,0.08794165668808623
27.82,0.08003501955529545
27.830000000000002,0.07212838242250186
27.84,0.06422174528971107
27.85,0.07693832708119958
27.86,0.11702158089028504
27.87,0.15710483469938474
27.88,0.1971880885084702
27.89,0.20405578124905605
27.900000000000002,0.18406956965467378
27.91,0.1640833580602986
27.92,0.14409714646591631
27.93,0.12283022506249942
27.94,0.10112629078982899
27.95,0.07942235651716627
27.96,0.05771842224449583
27.97,0.076244319703232
27.98,0.12243993575475601
27.990000000000002,0.16863555180628
28.0,0.21483116785778758
28.01,0.22293756203374077
28.02,0.2099846946939912
28.03,0.19703182735423702
28.04,0.18407896001448745
28.05,0.17112609267473328
28.060000000000002,0.1581732253349791
28.07,0.14328802320201964
28.080000000000002,0.1267330911981203
28.09,0.11017815919422683
28.1,0.09362322719032748
28.11,0.08612570265812118
28.12,0.0882492921698349
28.13,0.09037288168154786
28.14,0.09249647119326158
28.150000000000002,0.09102164944583024
28.16,0.08316362084660815
28.17,0.07530559224738327
28.18,0.0674475636481612
28.19,0.06107135275789747
28.2,0.08222778243905655
28.21,0.10338421212022314
28.22,0.12454064180138222
28.23,0.14569707148254882
28.240000000000002,0.13900347661703896
28.25,0.12776772732573033
28.26,0.1165319780344177
28.27,0.10529622874310907
28.28,0.10978572558956737
28.29,0.11968265132078576
28.3,0.12957957705200765
28.310000000000002,0.13947650278322954
28.32,0.13508210601993687
28.330000000000002,0.12725548616646898
28.34,0.11942886631300384
28.35,0.11160224645953594
28.36,0.10377562660607081
28.37,0.0959490067526029
28.38,0.11266205601434712
28.39,0.14584949162857289
28.400000000000002,0.17903692724279868
28.41,0.21222436285701266
28.42,0.2454117984712384
28.43,0.24581748927374045
28.44,0.22026559445611904
28.45,0.1947136996385067
28.46,0.16916180482088533
28.47,0.14360991000327303
28.48,0.1204010351285829
28.490000000000002,0.09823878291132031
28.5,0.0760765306940656
28.51,0.05391427847680301
28.52,0.04439017915640539
28.53,0.04136117161213875
28.54,0.03833216406787319
28.55,0.03530315652360654
28.560000000000002,0.0772924568883527
28.57,0.15659156813983632
28.580000000000002,0.23589067939134814
28.59,0.3151897906428318
28.6,0.34659761196501326
28.61,0.3193382469521236
28.62,0.29207888193922427
28.63,0.2648195169263346
28.64,0.23840849588939284
28.650000000000002,0.21256705448066013
28.66,0.18672561307193664
28.67,0.16088417166320393
28.68,0.13504273025448044
28.69,0.10920128884574773
28.7,0.10821481277400874
28.71,0.12111122976420063
28.72,0.13400764675438792
28.73,0.14690406374457982
28.740000000000002,0.15826454256112815
28.75,0.1684928331610372
28.76,0.17872112376094984
28.77,0.18894941436085885
28.78,0.18219236462308142
28.79,0.15053613793657192
28.8,0.11887991125005115
28.810000000000002,0.08722368456353041
28.82,0.0625221076048427
28.830000000000002,0.08634095837458533
28.84,0.1101598091443195
28.85,0.13397865991406213
28.86,0.1577975106837963
28.87,0.18161636145353896
28.88,0.20543521222327313
28.89,0.20913371009975099
28.900000000000002,0.2050247514730791
28.91,0.20091579284640873
28.92,0.19680683421973685
28.93,0.19269787559306648
28.94,0.18858891696639463
28.95,0.18447995833972422
28.96,0.18037099971305237
28.97,0.17626204108638197
28.98,0.17215308245971012
28.990000000000002,0.16804412383303824
29.0,0.16393516520636786
29.01,0.15982620657969598
29.02,0.1557172479530256
29.03,0.14875200079708933
29.04,0.13992353370108954
29.05,0.1310950666050866
29.060000000000002,0.12226659950908365
29.07,0.11343813241308386
29.080000000000002,0.10607791537066572
29.09,0.1389571874234206
29.1,0.17183645947618714
29.11,0.204715731528942
29.12,0.23630268044226227
29.13,0.20505190131089082
29.14,0.17380112217950827
29.150000000000002,0.14255034304812575
29.16,0.1112995639167543
29.17,0.09535610695606347
29.18,0.08245413111482941
29.19,0.06955215527359077
29.2,0.0566501794323567
29.21,0.0605866678176628
29.22,0.06745571957366447
29.23,0.07432477132966858
29.240000000000002,0.08119382308567269
29.25,0.08735328277580778
29.26,0.09249251240157545
29.27,0.0976317420273413
29.28,0.10277097165310899
29.29,0.10791020127887484
29.3,0.1130494309046425
29.310000000000002,0.11818866053041019
29.32,0.11655438848053512
29.330000000000002,0.10932740507915557
29.34,0.1021004216777786
29.35,0.09487343827639906
29.36,0.08764645487502208
29.37,0.0830159372676865
29.38,0.09776933755705053
29.39,0.1125227378464198
29.400000000000002,0.12727613813578909
29.41,0.14202953842515315
29.42,0.15678293871452242
29.43,0.16303318614744128
29.44,0.15361344796969148
29.45,0.14419370979194504
29.46,0.13477397161419524
29.47,0.1253542334364488
29.48,0.12501522927607941
29.490000000000002,0.14463089965836617
29.5,0.16424657004064597
29.51,0.18386224042293275
29.52,0.20347791080521255
29.53,0.20071492983104572
29.54,0.1878085155347751
29.55,0.1749021012384999
29.560000000000002,0.16199568694222466
29.57,0.16451492264592368
29.580000000000002,0.1831850520909292
29.59,0.20185518153592807
29.6,0.2205253109809336
29.61,0.21235444375805615
29.62,0.1876403326255536
29.63,0.16292622149305985
29.64,0.13821211036055733
29.650000000000002,0.13074326058587782
29.66,0.1467891755890703
29.67,0.16283509059226847
29.68,0.17888100559546094
29.69,0.19492692059865913
29.7,0.2109728356018516
29.71,0.2078269650528589
29.72,0.1941208722115098
29.73,0.1804147793701559
29.740000000000002,0.16670868652880197
29.75,0.1530025936874529
29.76,0.139296500846099
29.77,0.12559040800474994
29.78,0.111884315163396
29.79,0.10017883442966555
29.8,0.09038434471730013
29.810000000000002,0.08058985500493472
29.82,0.0707953652925728
29.830000000000002,0.08817149512953733
29.84,0.12140907291961686
29.85,0.15464665070970823
29.86,0.18788422849978775
29.87,0.2211218062898791
29.88,0.2121939411473092
29.89,0.19663378578018817
29.900000000000002,0.18107363041306715
29.91,0.16551347504595165
29.92,0.15108976389303352
29.93,0.1427051357412367
29.94,0.1343205075894369
29.95,0.12593587943764004
29.96,0.11755125128584024
29.97,0.10875254575289887
29.98,0.09942016607354771
29.990000000000002,0.09008778639419654
30.0,0.08075540671484871
30.01,0.07142302703549755
30.02,0.14364347108706355
30.03,0.23705840492740196
30.04,0.3304733387677072
30.05,0.4238882726080456
30.060000000000002,0.517303206448384
30.07,0.5707899800600956
30.080000000000002,0.5232585983582643
30.09,0.4757272166564498
30.1,0.42819583495461844
30.11,0.38066445325280396
30.12,0.3331330715509726
30.13,0.27382180017642316
30.14,0.2072785208003346
30.150000000000002,0.14073524142424607
30.16,0.07419196204818115
30.17,0.05376658230605997
30.18,0.051337392884749616
30.19,0.04890820346343841
30.2,0.046479014042128064
30.21,0.04404982462081685
30.22,0.04190544556064023
30.23,0.03990704596575904
30.240000000000002,0.03790864637087785
30.25,0.03591024677599737
30.26,0.034086861518530194
30.27,0.03264563581710995
30.28,0.03120441011568919
30.29,0.02976318441426894
30.3,0.02832195871284818
30.310000000000002,0.02705828675504133
30.32,0.025970864703637568
30.330000000000002,0.024883442652233426
30.34,0.023796020600829665
30.35,0.02270859854942552
30.36,0.021731231858261396
30.37,0.020916611389103022
30.38,0.02010199091994494
30.39,0.019287370450786566
30.400000000000002,0.018472749981628192
30.41,0.017658129512470106
30.42,0.01671761514345976
30.43,0.015765270426863928
30.44,0.01481292571026776
30.45,0.013924660284836406
30.46,0.014594354356981665
30.47,0.015264048429126686
30.48,0.015933742501271945
30.490000000000002,0.016603436573417202
